{"events":[{"idEvent":"2176278","idAPIfootball":"164453","strEvent":"New York Mets vs Atlanta Braves","strEventAlternate":"Atlanta Braves @ New York Mets","strFilename":"MLB 2025-06-23 New York Mets vs Atlanta Braves","strSport":"Baseball","idLeague":"4424","strLeague":"MLB","strLeagueBadge":"https:\/\/www.thesportsdb.com\/images\/media\/league\/badge\/c5r83j1521893739.png","strSeason":"2025","strDescriptionEN":"","strHomeTeam":"New York Mets","strAwayTeam":"Atlanta Braves","intHomeScore":null,"intRound":"0","intAwayScore":null,"intSpectators":null,"strOfficial":null,"strTimestamp":"2025-06-23T23:10:00","dateEvent":"2025-06-23","dateEventLocal":"2025-06-23","strTime":"23:10:00","strTimeLocal":"19:10:00","strGroup":"","idHomeTeam":"135275","strHomeTeamBadge":"https:\/\/r2.thesportsdb.com\/images\/media\/team\/badge\/rxqspq1431540337.png","idAwayTeam":"135268","strAwayTeamBadge":"https:\/\/r2.thesportsdb.com\/images\/media\/team\/badge\/yjs76e1617811496.png","intScore":null,"intScoreVotes":null,"strResult":" New York Mets Innings:<br>         <br>Hits:  - Errors: <br><br>Atlanta Braves Innings:<br>         <br>Hits:  - Errors: ","idVenue":"23848","strVenue":"Citi Field","strCountry":"United States","strCity":"","strPoster":"https:\/\/www.thesportsdb.com\/images\/media\/event\/poster\/2x2wng1743646106.jpg","strSquare":"","strFanart":null,"strThumb":"https:\/\/www.thesportsdb.com\/images\/media\/event\/thumb\/swi9xm1748769531.jpg","strBanner":"","strMap":null,"strTweet1":"","strTweet2":"","strTweet3":"","strVideo":"","strStatus":"NS","strPostponed":"no","strLocked":"unlocked"},{"idEvent":"2176279","idAPIfootball":"164454","strEvent":"Cincinnati Reds vs New York Yankees","strEventAlternate":"New York Yankees @ Cincinnati Reds","strFilename":"MLB 2025-06-23 Cincinnati Reds vs New York Yankees","strSport":"Baseball","idLeague":"4424","strLeague":"MLB","strLeagueBadge":"https:\/\/www.thesportsdb.com\/images\/media\/league\/badge\/c5r83j1521893739.png","strSeason":"2025","strDescriptionEN":"","strHomeTeam":"Cincinnati Reds","strAwayTeam":"New York Yankees","intHomeScore":null,"intRound":"0","intAwayScore":null,"intSpectators":null,"strOfficial":null,"strTimestamp":"2025-06-23T23:10:00","dateEvent":"2025-06-23","dateEventLocal":"2025-06-23","strTime":"23:10:00","strTimeLocal":"18:40:00","strGroup":"","idHomeTeam":"135270","strHomeTeamBadge":"https:\/\/r2.thesportsdb.com\/images\/media\/team\/badge\/wspusr1431538832.png","idAwayTeam":"135260","strAwayTeamBadge":"https:\/\/r2.thesportsdb.com\/images\/media\/team\/badge\/wqwwxx1423478766.png","intScore":null,"intScoreVotes":null,"strResult":" Cincinnati Reds Innings:<br>         <br>Hits:  - Errors: <br><br>New York Yankees Innings:<br>         <br>Hits:  - Errors: ","idVenue":"30974","strVenue":"Great American Ball Park","strCountry":"United States","strCity":"","strPoster":"","strSquare":"","strFanart":null,"strThumb":"https:\/\/www.thesportsdb.com\/images\/media\/event\/thumb\/2ej68o1748769534.jpg","strBanner":"","strMap":null,"strTweet1":"","strTweet2":"","strTweet3":"","strVideo":"","strStatus":"NS","strPostponed":"no","strLocked":"unlocked"},{"idEvent":"2176280","idAPIfootball":"164455","strEvent":"Chicago White Sox vs Arizona Diamondbacks","strEventAlternate":"Arizona Diamondbacks @ Chicago White Sox","strFilename":"MLB 2025-06-23 Chicago White Sox vs Arizona Diamondbacks","strSport":"Baseball","idLeague":"4424","strLeague":"MLB","strLeagueBadge":"https:\/\/www.thesportsdb.com\/images\/media\/league\/badge\/c5r83j1521893739.png","strSeason":"2025","strDescriptionEN":"","strHomeTeam":"Chicago White Sox","strAwayTeam":"Arizona Diamondbacks","intHomeScore":null,"intRound":"0","intAwayScore":null,"intSpectators":null,"strOfficial":null,"strTimestamp":"2025-06-23T23:40:00","dateEvent":"2025-06-23","dateEventLocal":"2025-06-23","strTime":"23:40:00","strTimeLocal":"18:40:00","strGroup":"","idHomeTeam":"135253","strHomeTeamBadge":"https:\/\/r2.thesportsdb.com\/images\/media\/team\/badge\/yyz5dh1554140884.png","idAwayTeam":"135267","strAwayTeamBadge":"https:\/\/r2.thesportsdb.com\/images\/media\/team\/badge\/xe5wlo1713861863.png","intScore":null,"intScoreVotes":null,"strResult":" Chicago White Sox Innings:<br>         <br>Hits:  - Errors: <br><br>Arizona Diamondbacks Innings:<br>         <br>Hits:  - Errors: ","idVenue":"21631","strVenue":"Guaranteed Rate Field","strCountry":"United States","strCity":"","strPoster":"","strSquare":"","strFanart":null,"strThumb":"https:\/\/www.thesportsdb.com\/images\/media\/event\/thumb\/b0x8j61748769537.jpg","strBanner":"","strMap":null,"strTweet1":"","strTweet2":"","strTweet3":"","strVideo":"","strStatus":"NS","strPostponed":"no","strLocked":"unlocked"},{"idEvent":"2176281","idAPIfootball":"164456","strEvent":"Baltimore Orioles vs Texas Rangers","strEventAlternate":"Texas Rangers @ Baltimore Orioles","strFilename":"MLB 2025-06-23 Baltimore Orioles vs Texas Rangers","strSport":"Baseball","idLeague":"4424","strLeague":"MLB","strLeagueBadge":"https:\/\/www.thesportsdb.com\/images\/media\/league\/badge\/c5r83j1521893739.png","strSeason":"2025","strDescriptionEN":"","strHomeTeam":"Baltimore Orioles","strAwayTeam":"Texas Rangers","intHomeScore":null,"intRound":"0","intAwayScore":null,"intSpectators":null,"strOfficial":null,"strTimestamp":"2025-06-23T22:35:00","dateEvent":"2025-06-23","dateEventLocal":"2025-06-23","strTime":"22:35:00","strTimeLocal":"18:35:00","strGroup":"","idHomeTeam":"135251","strHomeTeamBadge":"https:\/\/r2.thesportsdb.com\/images\/media\/team\/badge\/ytywvu1431257088.png","idAwayTeam":"135264","strAwayTeamBadge":"https:\/\/r2.thesportsdb.com\/images\/media\/team\/badge\/qt9qki1521893151.png","intScore":null,"intScoreVotes":null,"strResult":" Baltimore Orioles Innings:<br>         <br>Hits:  - Errors: <br><br>Texas Rangers Innings:<br>         <br>Hits:  - Errors: ","idVenue":"30843","strVenue":"Oriole Park at Camden Yards","strCountry":"United States","strCity":"","strPoster":"","strSquare":"","strFanart":null,"strThumb":"https:\/\/www.thesportsdb.com\/images\/media\/event\/thumb\/bn3c2f1748769538.jpg","strBanner":"","strMap":null,"strTweet1":"","strTweet2":"","strTweet3":"","strVideo":"","strStatus":"NS","strPostponed":"no","strLocked":"unlocked"},{"idEvent":"2176282","idAPIfootball":"164457","strEvent":"Milwaukee Brewers vs Pittsburgh Pirates","strEventAlternate":"Pittsburgh Pirates @ Milwaukee Brewers","strFilename":"MLB 2025-06-23 Milwaukee Brewers vs Pittsburgh Pirates","strSport":"Baseball","idLeague":"4424","strLeague":"MLB","strLeagueBadge":"https:\/\/www.thesportsdb.com\/images\/media\/league\/badge\/c5r83j1521893739.png","strSeason":"2025","strDescriptionEN":"","strHomeTeam":"Milwaukee Brewers","strAwayTeam":"Pittsburgh Pirates","intHomeScore":null,"intRound":"0","intAwayScore":null,"intSpectators":null,"strOfficial":null,"strTimestamp":"2025-06-23T23:40:00","dateEvent":"2025-06-23","dateEventLocal":"2025-06-23","strTime":"23:40:00","strTimeLocal":"18:40:00","strGroup":"","idHomeTeam":"135274","strHomeTeamBadge":"https:\/\/r2.thesportsdb.com\/images\/media\/team\/badge\/08kh2a1595775193.png","idAwayTeam":"135277","strAwayTeamBadge":"https:\/\/r2.thesportsdb.com\/images\/media\/team\/badge\/kw6uqr1617527138.png","intScore":null,"intScoreVotes":null,"strResult":" Milwaukee Brewers Innings:<br>         <br>Hits:  - Errors: <br><br>Pittsburgh Pirates Innings:<br>         <br>Hits:  - Errors: ","idVenue":"30986","strVenue":"American Family Field","strCountry":"United States","strCity":"","strPoster":"","strSquare":"","strFanart":null,"strThumb":"https:\/\/www.thesportsdb.com\/images\/media\/event\/thumb\/80n99t1748769541.jpg","strBanner":"","strMap":null,"strTweet1":"","strTweet2":"","strTweet3":"","strVideo":"","strStatus":"NS","strPostponed":"no","strLocked":"unlocked"},{"idEvent":"2176283","idAPIfootball":"164458","strEvent":"Minnesota Twins vs Seattle Mariners","strEventAlternate":"Seattle Mariners @ Minnesota Twins","strFilename":"MLB 2025-06-23 Minnesota Twins vs Seattle Mariners","strSport":"Baseball","idLeague":"4424","strLeague":"MLB","strLeagueBadge":"https:\/\/www.thesportsdb.com\/images\/media\/league\/badge\/c5r83j1521893739.png","strSeason":"2025","strDescriptionEN":"","strHomeTeam":"Minnesota Twins","strAwayTeam":"Seattle Mariners","intHomeScore":null,"intRound":"0","intAwayScore":null,"intSpectators":null,"strOfficial":null,"strTimestamp":"2025-06-23T23:40:00","dateEvent":"2025-06-23","dateEventLocal":"2025-06-23","strTime":"23:40:00","strTimeLocal":"18:40:00","strGroup":"","idHomeTeam":"135259","strHomeTeamBadge":"https:\/\/r2.thesportsdb.com\/images\/media\/team\/badge\/necd5v1521905719.png","idAwayTeam":"135262","strAwayTeamBadge":"https:\/\/r2.thesportsdb.com\/images\/media\/team\/badge\/39x9ph1521903933.png","intScore":null,"intScoreVotes":null,"strResult":" Minnesota Twins Innings:<br>         <br>Hits:  - Errors: <br><br>Seattle Mariners Innings:<br>         <br>Hits:  - Errors: ","idVenue":"30987","strVenue":"Target Field","strCountry":"United States","strCity":"","strPoster":"","strSquare":"","strFanart":null,"strThumb":"https:\/\/www.thesportsdb.com\/images\/media\/event\/thumb\/91blkz1748769542.jpg","strBanner":"","strMap":null,"strTweet1":"","strTweet2":"","strTweet3":"","strVideo":"","strStatus":"NS","strPostponed":"no","strLocked":"unlocked"},{"idEvent":"2176284","idAPIfootball":"164459","strEvent":"St. Louis Cardinals vs Chicago Cubs","strEventAlternate":"Chicago Cubs @ St. Louis Cardinals","strFilename":"MLB 2025-06-23 St. Louis Cardinals vs Chicago Cubs","strSport":"Baseball","idLeague":"4424","strLeague":"MLB","strLeagueBadge":"https:\/\/www.thesportsdb.com\/images\/media\/league\/badge\/c5r83j1521893739.png","strSeason":"2025","strDescriptionEN":"","strHomeTeam":"St. Louis Cardinals","strAwayTeam":"Chicago Cubs","intHomeScore":null,"intRound":"0","intAwayScore":null,"intSpectators":null,"strOfficial":null,"strTimestamp":"2025-06-23T23:45:00","dateEvent":"2025-06-23","dateEventLocal":"2025-06-23","strTime":"23:45:00","strTimeLocal":"18:40:00","strGroup":"","idHomeTeam":"135280","strHomeTeamBadge":"https:\/\/r2.thesportsdb.com\/images\/media\/team\/badge\/uvyvyr1424003273.png","idAwayTeam":"135269","strAwayTeamBadge":"https:\/\/r2.thesportsdb.com\/images\/media\/team\/badge\/wxbe071521892391.png","intScore":null,"intScoreVotes":null,"strResult":" St. Louis Cardinals Innings:<br>         <br>Hits:  - Errors: <br><br>Chicago Cubs Innings:<br>         <br>Hits:  - Errors: ","idVenue":"30855","strVenue":"Busch Stadium (III)","strCountry":"United States","strCity":"","strPoster":"","strSquare":"","strFanart":null,"strThumb":"https:\/\/www.thesportsdb.com\/images\/media\/event\/thumb\/x80orb1748769545.jpg","strBanner":"","strMap":null,"strTweet1":"","strTweet2":"","strTweet3":"","strVideo":"","strStatus":"NS","strPostponed":"no","strLocked":"unlocked"},{"idEvent":"2224238","idAPIfootball":"169537","strEvent":"Leones de Yucatán vs Toros de Tijuana","strEventAlternate":"Toros de Tijuana @ Leones de Yucatán","strFilename":"Liga Mexicana de Béisbol 2025-06-23 Leones de Yucatán vs Toros de Tijuana","strSport":"Baseball","idLeague":"5064","strLeague":"Liga Mexicana de Béisbol","strLeagueBadge":"https:\/\/www.thesportsdb.com\/images\/media\/league\/badge\/m3eza81748934903.png","strSeason":"2025","strDescriptionEN":"","strHomeTeam":"Leones de Yucatán","strAwayTeam":"Toros de Tijuana","intHomeScore":null,"intRound":"0","intAwayScore":null,"intSpectators":null,"strOfficial":null,"strTimestamp":"2025-06-23T00:00:00","dateEvent":"2025-06-23","dateEventLocal":"2025-06-22","strTime":"00:00:00","strTimeLocal":"19:00:00","strGroup":"","idHomeTeam":"142011","strHomeTeamBadge":"https:\/\/r2.thesportsdb.com\/images\/media\/team\/badge\/1doinz1625351300.png","idAwayTeam":"142006","strAwayTeamBadge":"https:\/\/r2.thesportsdb.com\/images\/media\/team\/badge\/ba17oy1625976038.png","intScore":null,"intScoreVotes":null,"strResult":" Leones de Yucatán Innings:<br>         <br>Hits:  - Errors: <br><br>Toros de Tijuana Innings:<br>         <br>Hits:  - Errors: ","idVenue":"0","strVenue":"","strCountry":"Mexico","strCity":"","strPoster":"","strSquare":"","strFanart":null,"strThumb":"https:\/\/r2.thesportsdb.com\/images\/media\/event\/thumb\/76ywil1655316525.jpg","strBanner":"","strMap":null,"strTweet1":"","strTweet2":"","strTweet3":"","strVideo":"","strStatus":"NS","strPostponed":"no","strLocked":"unlocked"},{"idEvent":"2224239","idAPIfootball":"169538","strEvent":"Olmecas de Tabasco vs Charros de Jalisco","strEventAlternate":"Charros de Jalisco @ Olmecas de Tabasco","strFilename":"Liga Mexicana de Béisbol 2025-06-23 Olmecas de Tabasco vs Charros de Jalisco","strSport":"Baseball","idLeague":"5064","strLeague":"Liga Mexicana de Béisbol","strLeagueBadge":"https:\/\/www.thesportsdb.com\/images\/media\/league\/badge\/m3eza81748934903.png","strSeason":"2025","strDescriptionEN":"","strHomeTeam":"Olmecas de Tabasco","strAwayTeam":"Charros de Jalisco","intHomeScore":null,"intRound":"0","intAwayScore":null,"intSpectators":null,"strOfficial":null,"strTimestamp":"2025-06-23T00:00:00","dateEvent":"2025-06-23","dateEventLocal":"2025-06-21","strTime":"00:00:00","strTimeLocal":"19:05:00","strGroup":"","idHomeTeam":"142012","strHomeTeamBadge":"https:\/\/r2.thesportsdb.com\/images\/media\/team\/badge\/nmble61651174452.png","idAwayTeam":"144284","strAwayTeamBadge":"https:\/\/r2.thesportsdb.com\/images\/media\/team\/badge\/n9lywa1740582358.png","intScore":null,"intScoreVotes":null,"strResult":" Olmecas de Tabasco Innings:<br>         <br>Hits:  - Errors: <br><br>Charros de Jalisco Innings:<br>         <br>Hits:  - Errors: ","idVenue":"0","strVenue":"","strCountry":"Mexico","strCity":"","strPoster":"","strSquare":"","strFanart":null,"strThumb":"","strBanner":"","strMap":null,"strTweet1":"","strTweet2":"","strTweet3":"","strVideo":"","strStatus":"NS","strPostponed":"no","strLocked":"unlocked"},{"idEvent":"2224244","idAPIfootball":"169545","strEvent":"Rieleros de Aguascalientes vs El Águila de Veracruz","strEventAlternate":"El Águila de Veracruz @ Rieleros de Aguascalientes","strFilename":"Liga Mexicana de Béisbol 2025-06-23 Rieleros de Aguascalientes vs El Águila de Veracruz","strSport":"Baseball","idLeague":"5064","strLeague":"Liga Mexicana de Béisbol","strLeagueBadge":"https:\/\/www.thesportsdb.com\/images\/media\/league\/badge\/m3eza81748934903.png","strSeason":"2025","strDescriptionEN":"","strHomeTeam":"Rieleros de Aguascalientes","strAwayTeam":"El Águila de Veracruz","intHomeScore":null,"intRound":"0","intAwayScore":null,"intSpectators":null,"strOfficial":null,"strTimestamp":"2025-06-23T00:00:00","dateEvent":"2025-06-23","dateEventLocal":"2025-06-23","strTime":"00:00:00","strTimeLocal":"18:40:00","strGroup":"","idHomeTeam":"142002","strHomeTeamBadge":"https:\/\/r2.thesportsdb.com\/images\/media\/team\/badge\/w8xs621740581939.png","idAwayTeam":"142009","strAwayTeamBadge":"https:\/\/r2.thesportsdb.com\/images\/media\/team\/badge\/cgnj091740582388.png","intScore":null,"intScoreVotes":null,"strResult":" Rieleros de Aguascalientes Innings:<br>         <br>Hits:  - Errors: <br><br>El Águila de Veracruz Innings:<br>         <br>Hits:  - Errors: ","idVenue":"0","strVenue":"","strCountry":"Mexico","strCity":"","strPoster":"","strSquare":"","strFanart":null,"strThumb":"https:\/\/r2.thesportsdb.com\/images\/media\/event\/thumb\/o30tjf1655316565.jpg","strBanner":"","strMap":null,"strTweet1":"","strTweet2":"","strTweet3":"","strVideo":"","strStatus":"NS","strPostponed":"no","strLocked":"unlocked"},{"idEvent":"2226094","idAPIfootball":"169544","strEvent":"Piratas de Campeche vs Caliente de Durango","strEventAlternate":"Caliente de Durango @ Piratas de Campeche","strFilename":"Liga Mexicana de Béisbol 2025-06-23 Piratas de Campeche vs Caliente de Durango","strSport":"Baseball","idLeague":"5064","strLeague":"Liga Mexicana de Béisbol","strLeagueBadge":"https:\/\/www.thesportsdb.com\/images\/media\/league\/badge\/m3eza81748934903.png","strSeason":"2025","strDescriptionEN":"","strHomeTeam":"Piratas de Campeche","strAwayTeam":"Caliente de Durango","intHomeScore":null,"intRound":"0","intAwayScore":null,"intSpectators":null,"strOfficial":null,"strTimestamp":"2025-06-23T00:00:00","dateEvent":"2025-06-23","dateEventLocal":"2025-06-22","strTime":"00:00:00","strTimeLocal":"19:00:00","strGroup":"","idHomeTeam":"142014","strHomeTeamBadge":"https:\/\/r2.thesportsdb.com\/images\/media\/team\/badge\/0kngj31740581920.png","idAwayTeam":"151312","strAwayTeamBadge":"https:\/\/r2.thesportsdb.com\/images\/media\/team\/badge\/03unuh1740580101.png","intScore":null,"intScoreVotes":null,"strResult":" Piratas de Campeche Innings:<br>         <br>Hits:  - Errors: <br><br>Caliente de Durango Innings:<br>         <br>Hits:  - Errors: ","idVenue":"0","strVenue":"","strCountry":"Mexico","strCity":"","strPoster":"","strSquare":"","strFanart":null,"strThumb":"","strBanner":"","strMap":null,"strTweet1":"","strTweet2":"","strTweet3":"","strVideo":"","strStatus":"NS","strPostponed":"no","strLocked":"unlocked"},{"idEvent":"2232656","idAPIfootball":"162716","strEvent":"El Paso Chihuahuas vs Reno Aces","strEventAlternate":"Reno Aces @ El Paso Chihuahuas","strFilename":"Pacific Coast League 2025-06-23 El Paso Chihuahuas vs Reno Aces","strSport":"Baseball","idLeague":"5065","strLeague":"Pacific Coast League","strLeagueBadge":"https:\/\/www.thesportsdb.com\/images\/media\/league\/badge\/8qykag1655390427.png","strSeason":"2025","strDescriptionEN":"","strHomeTeam":"El Paso Chihuahuas","strAwayTeam":"Reno Aces","intHomeScore":null,"intRound":"0","intAwayScore":null,"intSpectators":null,"strOfficial":null,"strTimestamp":"2025-06-23T00:05:00","dateEvent":"2025-06-23","dateEventLocal":"2025-06-22","strTime":"00:05:00","strTimeLocal":"19:00:00","strGroup":"","idHomeTeam":"142037","strHomeTeamBadge":"https:\/\/r2.thesportsdb.com\/images\/media\/team\/badge\/31m48v1655402710.png","idAwayTeam":"142042","strAwayTeamBadge":"https:\/\/r2.thesportsdb.com\/images\/media\/team\/badge\/8fjsl91625355786.png","intScore":null,"intScoreVotes":null,"strResult":" El Paso Chihuahuas Innings:<br>         <br>Hits:  - Errors: <br><br>Reno Aces Innings:<br>         <br>Hits:  - Errors: ","idVenue":"17497","strVenue":"Southwest University Park","strCountry":"United States","strCity":"","strPoster":"","strSquare":"","strFanart":null,"strThumb":"https:\/\/r2.thesportsdb.com\/images\/media\/event\/thumb\/jt0oqz1655581469.jpg","strBanner":"","strMap":null,"strTweet1":"","strTweet2":"","strTweet3":"","strVideo":"","strStatus":"NS","strPostponed":"no","strLocked":"unlocked"},{"idEvent":"2227927","idAPIfootball":"443179","strEvent":"Golden State Valkyries vs Connecticut Sun","strEventAlternate":"Connecticut Sun @ Golden State Valkyries","strFilename":"WNBA 2025-06-23 Golden State Valkyries vs Connecticut Sun","strSport":"Basketball","idLeague":"4516","strLeague":"WNBA","strLeagueBadge":"https:\/\/www.thesportsdb.com\/images\/media\/league\/badge\/47llb31573154455.png","strSeason":"2025","strDescriptionEN":"","strHomeTeam":"Golden State Valkyries","strAwayTeam":"Connecticut Sun","intHomeScore":null,"intRound":"0","intAwayScore":null,"intSpectators":null,"strOfficial":null,"strTimestamp":"2025-06-23T00:30:00","dateEvent":"2025-06-23","dateEventLocal":"2025-06-22","strTime":"00:30:00","strTimeLocal":"17:30:00","strGroup":"","idHomeTeam":"150722","strHomeTeamBadge":"https:\/\/r2.thesportsdb.com\/images\/media\/team\/badge\/24p2fj1738315525.png","idAwayTeam":"136445","strAwayTeamBadge":"https:\/\/r2.thesportsdb.com\/images\/media\/team\/badge\/p4xzce1552679905.png","intScore":null,"intScoreVotes":null,"strResult":" Golden State Valkyries Quarters:<br>    <br><br>Connecticut Sun Quarters:<br>    ","idVenue":"24828","strVenue":"Chase Center","strCountry":"United States","strCity":"","strPoster":"","strSquare":"","strFanart":null,"strThumb":"https:\/\/www.thesportsdb.com\/images\/media\/event\/thumb\/dm3rpu1745697050.jpg","strBanner":"","strMap":null,"strTweet1":"","strTweet2":"","strTweet3":"","strVideo":"","strStatus":"NS","strPostponed":"no","strLocked":"unlocked"},{"idEvent":"2265840","idAPIfootball":"450650","strEvent":"Besiktas Basketbol vs Fenerbahçe Basketbol","strEventAlternate":"Fenerbahçe Basketbol @ Besiktas Basketbol","strFilename":"Turkish Basketbol Super Ligi 2025-06-23 Besiktas Basketbol vs Fenerbahçe Basketbol","strSport":"Basketball","idLeague":"4475","strLeague":"Turkish Basketbol Super Ligi","strLeagueBadge":"https:\/\/www.thesportsdb.com\/images\/media\/league\/badge\/bnkkgh1551517800.png","strSeason":"2024-2025","strDescriptionEN":"","strHomeTeam":"Besiktas Basketbol","strAwayTeam":"Fenerbahçe Basketbol","intHomeScore":null,"intRound":"0","intAwayScore":null,"intSpectators":null,"strOfficial":null,"strTimestamp":"2025-06-23T17:30:00","dateEvent":"2025-06-23","dateEventLocal":"2025-06-23","strTime":"17:30:00","strTimeLocal":"20:30:00","strGroup":"","idHomeTeam":"135885","strHomeTeamBadge":"https:\/\/r2.thesportsdb.com\/images\/media\/team\/badge\/rx0o811667119583.png","idAwayTeam":"136071","strAwayTeamBadge":"https:\/\/r2.thesportsdb.com\/images\/media\/team\/badge\/241rc31739659263.png","intScore":null,"intScoreVotes":null,"strResult":" Besiktas Basketbol Quarters:<br>    <br><br>Fenerbahçe Basketbol Quarters:<br>    ","idVenue":"20114","strVenue":"Sinan Erdem Dome","strCountry":"Turkey","strCity":"","strPoster":"","strSquare":"","strFanart":null,"strThumb":"","strBanner":"","strMap":null,"strTweet1":"","strTweet2":"","strTweet3":"","strVideo":"","strStatus":"NS","strPostponed":"no","strLocked":"unlocked"},{"idEvent":"2257483","idAPIfootball":null,"strEvent":"Texas Super Kings vs Washington Freedom","strEventAlternate":"Washington Freedom @ Texas Super Kings","strFilename":"Major League Cricket 2025-06-23 Texas Super Kings vs Washington Freedom","strSport":"Cricket","idLeague":"5401","strLeague":"Major League Cricket","strLeagueBadge":"https:\/\/www.thesportsdb.com\/images\/media\/league\/badge\/mbbos01689159510.png","strSeason":"2025","strDescriptionEN":"Night Match","strHomeTeam":"Texas Super Kings","strAwayTeam":"Washington Freedom","intHomeScore":null,"intRound":"13","intAwayScore":null,"intSpectators":null,"strOfficial":null,"strTimestamp":"2025-06-23T00:00:00","dateEvent":"2025-06-23","dateEventLocal":"2025-06-22","strTime":"00:00:00","strTimeLocal":"19:00:00","strGroup":"","idHomeTeam":"147495","strHomeTeamBadge":"https:\/\/r2.thesportsdb.com\/images\/media\/team\/badge\/777fr51689161316.png","idAwayTeam":"147496","strAwayTeamBadge":"https:\/\/r2.thesportsdb.com\/images\/media\/team\/badge\/ocru7h1721452561.png","intScore":null,"intScoreVotes":null,"strResult":"","idVenue":"29209","strVenue":"Grand Prairie Stadium","strCountry":"United States","strCity":"Grand Prairie, TX","strPoster":"","strSquare":"","strFanart":"","strThumb":"https:\/\/www.thesportsdb.com\/images\/media\/event\/thumb\/khn9v61750143120.jpg","strBanner":"","strMap":null,"strTweet1":"","strTweet2":"","strTweet3":"","strVideo":"","strStatus":"Not Started","strPostponed":"no","strLocked":"unlocked"},{"idEvent":"2261100","idAPIfootball":null,"strEvent":"New Japan Soul Day 5","strEventAlternate":null,"strFilename":"NJPW 2025-06-23 New Japan Soul Day 5","strSport":"Fighting","idLeague":"4449","strLeague":"NJPW","strLeagueBadge":"https:\/\/www.thesportsdb.com\/images\/media\/league\/badge\/yupupv1454525139.png","strSeason":"2025","strDescriptionEN":"","strHomeTeam":null,"strAwayTeam":null,"intHomeScore":null,"intRound":"84","intAwayScore":null,"intSpectators":null,"strOfficial":null,"strTimestamp":"2025-06-23T00:00:00","dateEvent":"2025-06-23","dateEventLocal":"2025-06-23","strTime":"00:00:00","strTimeLocal":"","strGroup":"","idHomeTeam":null,"strHomeTeamBadge":null,"idAwayTeam":null,"strAwayTeamBadge":null,"intScore":null,"intScoreVotes":null,"strResult":"","idVenue":"17672","strVenue":"Korakuen Hall","strCountry":"Japan","strCity":"Tokyo","strPoster":"","strSquare":"","strFanart":"","strThumb":"","strBanner":"","strMap":"","strTweet1":"","strTweet2":"","strTweet3":"","strVideo":"","strStatus":"","strPostponed":"no","strLocked":"unlocked"},{"idEvent":"2264492","idAPIfootball":null,"strEvent":"RAW #1674","strEventAlternate":null,"strFilename":"WWE 2025-06-23 RAW #1674","strSport":"Fighting","idLeague":"4444","strLeague":"WWE","strLeagueBadge":"https:\/\/www.thesportsdb.com\/images\/media\/league\/badge\/ywtxyv1453504109.png","strSeason":"2025","strDescriptionEN":"","strHomeTeam":null,"strAwayTeam":null,"intHomeScore":null,"intRound":"117","intAwayScore":null,"intSpectators":null,"strOfficial":null,"strTimestamp":"2025-06-23T00:00:00","dateEvent":"2025-06-23","dateEventLocal":"2025-06-23","strTime":"00:00:00","strTimeLocal":"","strGroup":"","idHomeTeam":null,"strHomeTeamBadge":null,"idAwayTeam":null,"strAwayTeamBadge":null,"intScore":null,"intScoreVotes":null,"strResult":"","idVenue":"19854","strVenue":"Nationwide Arena","strCountry":"United States","strCity":"Columbus, Ohio","strPoster":"","strSquare":"","strFanart":"","strThumb":"","strBanner":"","strMap":"","strTweet1":"","strTweet2":"","strTweet3":"","strVideo":"","strStatus":"","strPostponed":"no","strLocked":"unlocked"},{"idEvent":"2249899","idAPIfootball":null,"strEvent":"Central Pulse vs Southern Steel","strEventAlternate":"Southern Steel @ Central Pulse","strFilename":"New Zealand Netball League 2025-06-23 Central Pulse vs Southern Steel","strSport":"Netball","idLeague":"4538","strLeague":"New Zealand Netball League","strLeagueBadge":"https:\/\/www.thesportsdb.com\/images\/media\/league\/badge\/7du0cw1555963822.png","strSeason":"2025","strDescriptionEN":null,"strHomeTeam":"Central Pulse","strAwayTeam":"Southern Steel","intHomeScore":null,"intRound":"7","intAwayScore":null,"intSpectators":null,"strOfficial":null,"strTimestamp":"2025-06-23T00:00:00","dateEvent":"2025-06-23","dateEventLocal":null,"strTime":"00:00:00","strTimeLocal":null,"strGroup":null,"idHomeTeam":"136581","strHomeTeamBadge":"https:\/\/r2.thesportsdb.com\/images\/media\/team\/badge\/rn0mm81555966018.png","idAwayTeam":"136583","strAwayTeamBadge":"https:\/\/r2.thesportsdb.com\/images\/media\/team\/badge\/a841zn1555966372.png","intScore":null,"intScoreVotes":null,"strResult":null,"idVenue":"0","strVenue":"TSB Arena, Wellington","strCountry":null,"strCity":null,"strPoster":"","strSquare":"","strFanart":"","strThumb":"https:\/\/r2.thesportsdb.com\/images\/media\/event\/thumb\/och1731653159304.jpg","strBanner":"","strMap":null,"strTweet1":null,"strTweet2":null,"strTweet3":null,"strVideo":null,"strStatus":null,"strPostponed":"no","strLocked":"unlocked"},{"idEvent":"2201333","idAPIfootball":"1332781","strEvent":"Valur vs KR Reykjavík","strEventAlternate":"KR Reykjavík @ Valur","strFilename":"Icelandic Úrvalsdeild karla 2025-06-23 Valur vs KR Reykjavík","strSport":"Soccer","idLeague":"4642","strLeague":"Icelandic Úrvalsdeild karla","strLeagueBadge":"https:\/\/www.thesportsdb.com\/images\/media\/league\/badge\/ogurbx1686156397.png","strSeason":"2025","strDescriptionEN":null,"strHomeTeam":"Valur","strAwayTeam":"KR Reykjavík","intHomeScore":null,"intRound":"12","intAwayScore":null,"intSpectators":null,"strOfficial":"","strTimestamp":"2025-06-23T19:15:00","dateEvent":"2025-06-23","dateEventLocal":null,"strTime":"19:15:00","strTimeLocal":null,"strGroup":null,"idHomeTeam":"137973","strHomeTeamBadge":"https:\/\/r2.thesportsdb.com\/images\/media\/team\/badge\/uhi6qr1717395070.png","idAwayTeam":"133968","strAwayTeamBadge":"https:\/\/r2.thesportsdb.com\/images\/media\/team\/badge\/mbjfae1579111386.png","intScore":null,"intScoreVotes":null,"strResult":null,"idVenue":null,"strVenue":"Hlíðarendi","strCountry":"Iceland","strCity":null,"strPoster":"","strSquare":"","strFanart":null,"strThumb":"https:\/\/r2.thesportsdb.com\/images\/media\/event\/thumb\/7w5pun1681218869.jpg","strBanner":"","strMap":null,"strTweet1":null,"strTweet2":null,"strTweet3":null,"strVideo":null,"strStatus":"Not Started","strPostponed":"no","strLocked":"unlocked"},{"idEvent":"2208204","idAPIfootball":"1339124","strEvent":"Everton de Viña del Mar vs O'Higgins","strEventAlternate":"O'Higgins @ Everton de Viña del Mar","strFilename":"Chile Primera Division 2025-06-23 Everton de Viña del Mar vs O'Higgins","strSport":"Soccer","idLeague":"4627","strLeague":"Chile Primera Division","strLeagueBadge":"https:\/\/www.thesportsdb.com\/images\/media\/league\/badge\/mybwr91738857616.png","strSeason":"2025","strDescriptionEN":null,"strHomeTeam":"Everton de Viña del Mar","strAwayTeam":"O'Higgins","intHomeScore":null,"intRound":"15","intAwayScore":null,"intSpectators":null,"strOfficial":"","strTimestamp":"2025-06-23T00:00:00","dateEvent":"2025-06-23","dateEventLocal":null,"strTime":"00:00:00","strTimeLocal":null,"strGroup":null,"idHomeTeam":"137729","strHomeTeamBadge":"https:\/\/r2.thesportsdb.com\/images\/media\/team\/badge\/qfgnch1736214082.png","idAwayTeam":"137731","strAwayTeamBadge":"https:\/\/r2.thesportsdb.com\/images\/media\/team\/badge\/z8vaqr1578347750.png","intScore":null,"intScoreVotes":null,"strResult":null,"idVenue":"16681","strVenue":"Estadio Sausalito","strCountry":"Chile","strCity":null,"strPoster":"","strSquare":"","strFanart":null,"strThumb":"","strBanner":"","strMap":null,"strTweet1":null,"strTweet2":null,"strTweet3":null,"strVideo":null,"strStatus":"Not Started","strPostponed":"no","strLocked":"unlocked"},{"idEvent":"2208438","idAPIfootball":"1339336","strEvent":"San Diego Wave vs Washington Spirit","strEventAlternate":"Washington Spirit @ San Diego Wave","strFilename":"American NWSL 2025-06-23 San Diego Wave vs Washington Spirit","strSport":"Soccer","idLeague":"4521","strLeague":"American NWSL","strLeagueBadge":"https:\/\/www.thesportsdb.com\/images\/media\/league\/badge\/srpnpi1551383087.png","strSeason":"2025","strDescriptionEN":null,"strHomeTeam":"San Diego Wave","strAwayTeam":"Washington Spirit","intHomeScore":null,"intRound":"10","intAwayScore":null,"intSpectators":null,"strOfficial":"","strTimestamp":"2025-06-23T02:00:00","dateEvent":"2025-06-23","dateEventLocal":null,"strTime":"02:00:00","strTimeLocal":null,"strGroup":null,"idHomeTeam":"145094","strHomeTeamBadge":"https:\/\/r2.thesportsdb.com\/images\/media\/team\/badge\/hb5yo61644517945.png","idAwayTeam":"136423","strAwayTeamBadge":"https:\/\/r2.thesportsdb.com\/images\/media\/team\/badge\/mbldcf1703410479.png","intScore":null,"intScoreVotes":null,"strResult":null,"idVenue":"24552","strVenue":"Snapdragon Stadium","strCountry":"United States","strCity":null,"strPoster":"","strSquare":"","strFanart":null,"strThumb":"https:\/\/r2.thesportsdb.com\/images\/media\/event\/thumb\/qwvsg41742117940.jpg","strBanner":"","strMap":null,"strTweet1":null,"strTweet2":null,"strTweet3":null,"strVideo":null,"strStatus":"Not Started","strPostponed":"no","strLocked":"unlocked"},{"idEvent":"2210560","idAPIfootball":"1340621","strEvent":"Bohemians vs Shamrock Rovers","strEventAlternate":"Shamrock Rovers @ Bohemians","strFilename":"Irish Premier Division 2025-06-23 Bohemians vs Shamrock Rovers","strSport":"Soccer","idLeague":"4643","strLeague":"Irish Premier Division","strLeagueBadge":"https:\/\/www.thesportsdb.com\/images\/media\/league\/badge\/m3tu3x1738686046.png","strSeason":"2025","strDescriptionEN":null,"strHomeTeam":"Bohemians","strAwayTeam":"Shamrock Rovers","intHomeScore":null,"intRound":"21","intAwayScore":null,"intSpectators":null,"strOfficial":"","strTimestamp":"2025-06-23T18:45:00","dateEvent":"2025-06-23","dateEventLocal":null,"strTime":"18:45:00","strTimeLocal":null,"strGroup":null,"idHomeTeam":"134043","strHomeTeamBadge":"https:\/\/r2.thesportsdb.com\/images\/media\/team\/badge\/78i24h1734625752.png","idAwayTeam":"133978","strAwayTeamBadge":"https:\/\/r2.thesportsdb.com\/images\/media\/team\/badge\/u1zowj1491504381.png","intScore":null,"intScoreVotes":null,"strResult":null,"idVenue":"17510","strVenue":"Dalymount Park","strCountry":"Ireland","strCity":null,"strPoster":"","strSquare":"","strFanart":null,"strThumb":"https:\/\/r2.thesportsdb.com\/images\/media\/event\/thumb\/5fihd31740998110.jpg","strBanner":"","strMap":null,"strTweet1":null,"strTweet2":null,"strTweet3":null,"strVideo":null,"strStatus":"Not Started","strPostponed":"no","strLocked":"unlocked"},{"idEvent":"2210561","idAPIfootball":"1340622","strEvent":"Cork City vs Drogheda United","strEventAlternate":"Drogheda United @ Cork City","strFilename":"Irish Premier Division 2025-06-23 Cork City vs Drogheda United","strSport":"Soccer","idLeague":"4643","strLeague":"Irish Premier Division","strLeagueBadge":"https:\/\/www.thesportsdb.com\/images\/media\/league\/badge\/m3tu3x1738686046.png","strSeason":"2025","strDescriptionEN":null,"strHomeTeam":"Cork City","strAwayTeam":"Drogheda United","intHomeScore":null,"intRound":"21","intAwayScore":null,"intSpectators":null,"strOfficial":"","strTimestamp":"2025-06-23T18:45:00","dateEvent":"2025-06-23","dateEventLocal":null,"strTime":"18:45:00","strTimeLocal":null,"strGroup":null,"idHomeTeam":"138031","strHomeTeamBadge":"https:\/\/r2.thesportsdb.com\/images\/media\/team\/badge\/0ec2061602255755.png","idAwayTeam":"134331","strAwayTeamBadge":"https:\/\/r2.thesportsdb.com\/images\/media\/team\/badge\/w1j16u1582565320.png","intScore":null,"intScoreVotes":null,"strResult":null,"idVenue":null,"strVenue":"","strCountry":"Ireland","strCity":null,"strPoster":"","strSquare":"","strFanart":null,"strThumb":"https:\/\/r2.thesportsdb.com\/images\/media\/event\/thumb\/309jk51740998111.jpg","strBanner":"","strMap":null,"strTweet1":null,"strTweet2":null,"strTweet3":null,"strVideo":null,"strStatus":"Not Started","strPostponed":"no","strLocked":"unlocked"},{"idEvent":"2210562","idAPIfootball":"1340623","strEvent":"Sligo Rovers vs Galway United","strEventAlternate":"Galway United @ Sligo Rovers","strFilename":"Irish Premier Division 2025-06-23 Sligo Rovers vs Galway United","strSport":"Soccer","idLeague":"4643","strLeague":"Irish Premier Division","strLeagueBadge":"https:\/\/www.thesportsdb.com\/images\/media\/league\/badge\/m3tu3x1738686046.png","strSeason":"2025","strDescriptionEN":null,"strHomeTeam":"Sligo Rovers","strAwayTeam":"Galway United","intHomeScore":null,"intRound":"21","intAwayScore":null,"intSpectators":null,"strOfficial":"","strTimestamp":"2025-06-23T18:45:00","dateEvent":"2025-06-23","dateEventLocal":null,"strTime":"18:45:00","strTimeLocal":null,"strGroup":null,"idHomeTeam":"134093","strHomeTeamBadge":"https:\/\/r2.thesportsdb.com\/images\/media\/team\/badge\/1e9wvc1602256331.png","idAwayTeam":"139307","strAwayTeamBadge":"https:\/\/r2.thesportsdb.com\/images\/media\/team\/badge\/nil4001582565343.png","intScore":null,"intScoreVotes":null,"strResult":null,"idVenue":null,"strVenue":"","strCountry":"Ireland","strCity":null,"strPoster":"","strSquare":"","strFanart":null,"strThumb":"https:\/\/r2.thesportsdb.com\/images\/media\/event\/thumb\/2w416h1740998112.jpg","strBanner":"","strMap":null,"strTweet1":null,"strTweet2":null,"strTweet3":null,"strVideo":null,"strStatus":"Not Started","strPostponed":"no","strLocked":"unlocked"},{"idEvent":"2210563","idAPIfootball":"1340624","strEvent":"St Patricks vs Derry City","strEventAlternate":"Derry City @ St Patricks","strFilename":"Irish Premier Division 2025-06-23 St Patricks vs Derry City","strSport":"Soccer","idLeague":"4643","strLeague":"Irish Premier Division","strLeagueBadge":"https:\/\/www.thesportsdb.com\/images\/media\/league\/badge\/m3tu3x1738686046.png","strSeason":"2025","strDescriptionEN":null,"strHomeTeam":"St Patricks","strAwayTeam":"Derry City","intHomeScore":null,"intRound":"21","intAwayScore":null,"intSpectators":null,"strOfficial":"","strTimestamp":"2025-06-23T18:45:00","dateEvent":"2025-06-23","dateEventLocal":null,"strTime":"18:45:00","strTimeLocal":null,"strGroup":null,"idHomeTeam":"134792","strHomeTeamBadge":"https:\/\/r2.thesportsdb.com\/images\/media\/team\/badge\/rdm7121546008891.png","idAwayTeam":"134354","strAwayTeamBadge":"https:\/\/r2.thesportsdb.com\/images\/media\/team\/badge\/i5u42j1602256316.png","intScore":null,"intScoreVotes":null,"strResult":null,"idVenue":"17508","strVenue":"Richmond Park","strCountry":"Ireland","strCity":null,"strPoster":"","strSquare":"","strFanart":null,"strThumb":"https:\/\/r2.thesportsdb.com\/images\/media\/event\/thumb\/8xcypr1740998112.jpg","strBanner":"","strMap":null,"strTweet1":null,"strTweet2":null,"strTweet3":null,"strVideo":null,"strStatus":"Not Started","strPostponed":"no","strLocked":"unlocked"},{"idEvent":"2212016","idAPIfootball":"1341808","strEvent":"GIF Sundsvall vs Trelleborgs FF","strEventAlternate":"Trelleborgs FF @ GIF Sundsvall","strFilename":"Swedish Superettan 2025-06-23 GIF Sundsvall vs Trelleborgs FF","strSport":"Soccer","idLeague":"4403","strLeague":"Swedish Superettan","strLeagueBadge":"https:\/\/www.thesportsdb.com\/images\/media\/league\/badge\/uvzmu21707459258.png","strSeason":"2025","strDescriptionEN":null,"strHomeTeam":"GIF Sundsvall","strAwayTeam":"Trelleborgs FF","intHomeScore":null,"intRound":"13","intAwayScore":null,"intSpectators":null,"strOfficial":"","strTimestamp":"2025-06-23T17:00:00","dateEvent":"2025-06-23","dateEventLocal":null,"strTime":"17:00:00","strTimeLocal":null,"strGroup":null,"idHomeTeam":"134729","strHomeTeamBadge":"https:\/\/r2.thesportsdb.com\/images\/media\/team\/badge\/qpvpvy1429902703.png","idAwayTeam":"135666","strAwayTeamBadge":"https:\/\/r2.thesportsdb.com\/images\/media\/team\/badge\/yxpwws1473540076.png","intScore":null,"intScoreVotes":null,"strResult":null,"idVenue":"18253","strVenue":"Idrottsparken","strCountry":"Sweden","strCity":null,"strPoster":"","strSquare":"","strFanart":null,"strThumb":"https:\/\/r2.thesportsdb.com\/images\/media\/event\/thumb\/4u2qcv1675684086.jpg","strBanner":"","strMap":null,"strTweet1":null,"strTweet2":null,"strTweet3":null,"strVideo":null,"strStatus":"Not Started","strPostponed":"no","strLocked":"unlocked"},{"idEvent":"2212017","idAPIfootball":"1341809","strEvent":"Helsingborg vs Umeå","strEventAlternate":"Umeå @ Helsingborg","strFilename":"Swedish Superettan 2025-06-23 Helsingborg vs Umeå","strSport":"Soccer","idLeague":"4403","strLeague":"Swedish Superettan","strLeagueBadge":"https:\/\/www.thesportsdb.com\/images\/media\/league\/badge\/uvzmu21707459258.png","strSeason":"2025","strDescriptionEN":null,"strHomeTeam":"Helsingborg","strAwayTeam":"Umeå","intHomeScore":null,"intRound":"13","intAwayScore":null,"intSpectators":null,"strOfficial":"","strTimestamp":"2025-06-23T17:00:00","dateEvent":"2025-06-23","dateEventLocal":null,"strTime":"17:00:00","strTimeLocal":null,"strGroup":null,"idHomeTeam":"133951","strHomeTeamBadge":"https:\/\/r2.thesportsdb.com\/images\/media\/team\/badge\/xogmss1592144703.png","idAwayTeam":"138264","strAwayTeamBadge":"https:\/\/r2.thesportsdb.com\/images\/media\/team\/badge\/d5akga1727586768.png","intScore":null,"intScoreVotes":null,"strResult":null,"idVenue":"17247","strVenue":"Olympia","strCountry":"Sweden","strCity":null,"strPoster":"","strSquare":"","strFanart":null,"strThumb":"https:\/\/r2.thesportsdb.com\/images\/media\/event\/thumb\/8xi62a1738232072.jpg","strBanner":"","strMap":null,"strTweet1":null,"strTweet2":null,"strTweet3":null,"strVideo":null,"strStatus":"Not Started","strPostponed":"no","strLocked":"unlocked"},{"idEvent":"2212483","idAPIfootball":"1342515","strEvent":"Mjøndalen vs Skeid","strEventAlternate":"Skeid @ Mjøndalen","strFilename":"Norwegian 1. Divisjon 2025-06-23 Mjøndalen vs Skeid","strSport":"Soccer","idLeague":"4457","strLeague":"Norwegian 1. Divisjon","strLeagueBadge":"https:\/\/www.thesportsdb.com\/images\/media\/league\/badge\/cgyfwu1512823098.png","strSeason":"2025","strDescriptionEN":null,"strHomeTeam":"Mjøndalen","strAwayTeam":"Skeid","intHomeScore":null,"intRound":"12","intAwayScore":null,"intSpectators":null,"strOfficial":"","strTimestamp":"2025-06-23T17:00:00","dateEvent":"2025-06-23","dateEventLocal":null,"strTime":"17:00:00","strTimeLocal":null,"strGroup":null,"idHomeTeam":"135501","strHomeTeamBadge":"https:\/\/r2.thesportsdb.com\/images\/media\/team\/badge\/fkz9qp1602447074.png","idAwayTeam":"136836","strAwayTeamBadge":"https:\/\/r2.thesportsdb.com\/images\/media\/team\/badge\/vz3wwm1639777704.png","intScore":null,"intScoreVotes":null,"strResult":null,"idVenue":"17380","strVenue":"Consto Arena","strCountry":"Norway","strCity":null,"strPoster":"","strSquare":"","strFanart":null,"strThumb":"https:\/\/r2.thesportsdb.com\/images\/media\/event\/thumb\/2saf1d1738317358.jpg","strBanner":"","strMap":null,"strTweet1":null,"strTweet2":null,"strTweet3":null,"strVideo":null,"strStatus":"Not Started","strPostponed":"no","strLocked":"unlocked"},{"idEvent":"2216239","idAPIfootball":"1348089","strEvent":"Mekelle 70 Enderta vs Mebrat Hayl","strEventAlternate":"Mebrat Hayl @ Mekelle 70 Enderta","strFilename":"Ethiopian Premier League 2025-06-23 Mekelle 70 Enderta vs Mebrat Hayl","strSport":"Soccer","idLeague":"4959","strLeague":"Ethiopian Premier League","strLeagueBadge":"https:\/\/www.thesportsdb.com\/images\/media\/league\/badge\/h7n8mg1727714240.png","strSeason":"2024-2025","strDescriptionEN":null,"strHomeTeam":"Mekelle 70 Enderta","strAwayTeam":"Mebrat Hayl","intHomeScore":null,"intRound":"36","intAwayScore":null,"intSpectators":null,"strOfficial":"","strTimestamp":"2025-06-23T12:00:00","dateEvent":"2025-06-23","dateEventLocal":null,"strTime":"12:00:00","strTimeLocal":null,"strGroup":null,"idHomeTeam":"139773","strHomeTeamBadge":"https:\/\/r2.thesportsdb.com\/images\/media\/team\/badge\/v3ju091589484270.png","idAwayTeam":"146920","strAwayTeamBadge":"https:\/\/r2.thesportsdb.com\/images\/media\/team\/badge\/xazebl1661704331.png","intScore":null,"intScoreVotes":null,"strResult":null,"idVenue":null,"strVenue":"Tigray Stadium","strCountry":"Ethiopia","strCity":null,"strPoster":"","strSquare":"","strFanart":null,"strThumb":"","strBanner":"","strMap":null,"strTweet1":null,"strTweet2":null,"strTweet3":null,"strVideo":null,"strStatus":"Not Started","strPostponed":"no","strLocked":"unlocked"},{"idEvent":"2216240","idAPIfootball":"1348090","strEvent":"Bahirdar Ketema vs Welwalo Adigrat University","strEventAlternate":"Welwalo Adigrat University @ Bahirdar Ketema","strFilename":"Ethiopian Premier League 2025-06-23 Bahirdar Ketema vs Welwalo Adigrat University","strSport":"Soccer","idLeague":"4959","strLeague":"Ethiopian Premier League","strLeagueBadge":"https:\/\/www.thesportsdb.com\/images\/media\/league\/badge\/h7n8mg1727714240.png","strSeason":"2024-2025","strDescriptionEN":null,"strHomeTeam":"Bahirdar Ketema","strAwayTeam":"Welwalo Adigrat University","intHomeScore":null,"intRound":"36","intAwayScore":null,"intSpectators":null,"strOfficial":"","strTimestamp":"2025-06-23T15:00:00","dateEvent":"2025-06-23","dateEventLocal":null,"strTime":"15:00:00","strTimeLocal":null,"strGroup":null,"idHomeTeam":"141026","strHomeTeamBadge":"https:\/\/r2.thesportsdb.com\/images\/media\/team\/badge\/cemn2l1615830048.png","idAwayTeam":"149378","strAwayTeamBadge":"https:\/\/r2.thesportsdb.com\/images\/media\/team\/badge\/x1aihm1727368029.png","intScore":null,"intScoreVotes":null,"strResult":null,"idVenue":"18468","strVenue":"Bahir Dar Stadium","strCountry":"Ethiopia","strCity":null,"strPoster":"","strSquare":"","strFanart":null,"strThumb":"","strBanner":"","strMap":null,"strTweet1":null,"strTweet2":null,"strTweet3":null,"strVideo":null,"strStatus":"Not Started","strPostponed":"no","strLocked":"unlocked"},{"idEvent":"2222154","idAPIfootball":"1353385","strEvent":"Operário Ferroviário vs Novorizontino","strEventAlternate":"Novorizontino @ Operário Ferroviário","strFilename":"Brazilian Serie B 2025-06-23 Operário Ferroviário vs Novorizontino","strSport":"Soccer","idLeague":"4404","strLeague":"Brazilian Serie B","strLeagueBadge":"https:\/\/www.thesportsdb.com\/images\/media\/league\/badge\/i6mtvt1736403394.png","strSeason":"2025","strDescriptionEN":null,"strHomeTeam":"Operário Ferroviário","strAwayTeam":"Novorizontino","intHomeScore":null,"intRound":"13","intAwayScore":null,"intSpectators":null,"strOfficial":"","strTimestamp":"2025-06-23T22:00:00","dateEvent":"2025-06-23","dateEventLocal":null,"strTime":"22:00:00","strTimeLocal":null,"strGroup":null,"idHomeTeam":"136829","strHomeTeamBadge":"https:\/\/r2.thesportsdb.com\/images\/media\/team\/badge\/fhrc6i1560791704.png","idAwayTeam":"141182","strAwayTeamBadge":"https:\/\/r2.thesportsdb.com\/images\/media\/team\/badge\/2qwxw51617198963.png","intScore":null,"intScoreVotes":null,"strResult":null,"idVenue":"16948","strVenue":"Estádio Germano Krüger","strCountry":"Brazil","strCity":null,"strPoster":"","strSquare":"","strFanart":null,"strThumb":"https:\/\/r2.thesportsdb.com\/images\/media\/event\/thumb\/23zk9v1712997032.jpg","strBanner":"","strMap":null,"strTweet1":null,"strTweet2":null,"strTweet3":null,"strVideo":null,"strStatus":"Not Started","strPostponed":"no","strLocked":"unlocked"},{"idEvent":"2210564","idAPIfootball":"1340625","strEvent":"Waterford vs Shelbourne","strEventAlternate":"Shelbourne @ Waterford","strFilename":"Irish Premier Division 2025-06-23 Waterford vs Shelbourne","strSport":"Soccer","idLeague":"4643","strLeague":"Irish Premier Division","strLeagueBadge":"https:\/\/www.thesportsdb.com\/images\/media\/league\/badge\/m3tu3x1738686046.png","strSeason":"2025","strDescriptionEN":null,"strHomeTeam":"Waterford","strAwayTeam":"Shelbourne","intHomeScore":null,"intRound":"21","intAwayScore":null,"intSpectators":null,"strOfficial":"","strTimestamp":"2025-06-23T18:45:00","dateEvent":"2025-06-23","dateEventLocal":null,"strTime":"18:45:00","strTimeLocal":null,"strGroup":null,"idHomeTeam":"138034","strHomeTeamBadge":"https:\/\/r2.thesportsdb.com\/images\/media\/team\/badge\/df37zi1734626085.png","idAwayTeam":"138033","strAwayTeamBadge":"https:\/\/r2.thesportsdb.com\/images\/media\/team\/badge\/brh8t91579281545.png","intScore":null,"intScoreVotes":null,"strResult":null,"idVenue":"17511","strVenue":"Waterford Regional Sports Centre","strCountry":"Ireland","strCity":null,"strPoster":"","strSquare":"","strFanart":null,"strThumb":"https:\/\/r2.thesportsdb.com\/images\/media\/event\/thumb\/kccnq71740998113.jpg","strBanner":"","strMap":null,"strTweet1":null,"strTweet2":null,"strTweet3":null,"strVideo":null,"strStatus":"Not Started","strPostponed":"no","strLocked":"unlocked"},{"idEvent":"2193646","idAPIfootball":"1324427","strEvent":"Bray Wanderers vs UCD","strEventAlternate":"UCD @ Bray Wanderers","strFilename":"Irish First Division 2025-06-23 Bray Wanderers vs UCD","strSport":"Soccer","idLeague":"4757","strLeague":"Irish First Division","strLeagueBadge":"https:\/\/www.thesportsdb.com\/images\/media\/league\/badge\/4guctd1738686062.png","strSeason":"2025","strDescriptionEN":null,"strHomeTeam":"Bray Wanderers","strAwayTeam":"UCD","intHomeScore":null,"intRound":"20","intAwayScore":null,"intSpectators":null,"strOfficial":"","strTimestamp":"2025-06-23T18:45:00","dateEvent":"2025-06-23","dateEventLocal":null,"strTime":"18:45:00","strTimeLocal":null,"strGroup":null,"idHomeTeam":"139306","strHomeTeamBadge":"https:\/\/r2.thesportsdb.com\/images\/media\/team\/badge\/givpep1724691570.png","idAwayTeam":"139319","strAwayTeamBadge":"https:\/\/r2.thesportsdb.com\/images\/media\/team\/badge\/ej8fr71582565350.png","intScore":null,"intScoreVotes":null,"strResult":null,"idVenue":"16802","strVenue":"Carlisle Grounds","strCountry":"Ireland","strCity":null,"strPoster":"","strSquare":"","strFanart":null,"strThumb":"https:\/\/r2.thesportsdb.com\/images\/media\/event\/thumb\/rmx2hw1740997932.jpg","strBanner":"","strMap":null,"strTweet1":null,"strTweet2":null,"strTweet3":null,"strVideo":null,"strStatus":"Not Started","strPostponed":"no","strLocked":"unlocked"},{"idEvent":"2193647","idAPIfootball":"1324428","strEvent":"Cobh Ramblers vs Kerry","strEventAlternate":"Kerry @ Cobh Ramblers","strFilename":"Irish First Division 2025-06-23 Cobh Ramblers vs Kerry","strSport":"Soccer","idLeague":"4757","strLeague":"Irish First Division","strLeagueBadge":"https:\/\/www.thesportsdb.com\/images\/media\/league\/badge\/4guctd1738686062.png","strSeason":"2025","strDescriptionEN":null,"strHomeTeam":"Cobh Ramblers","strAwayTeam":"Kerry","intHomeScore":null,"intRound":"20","intAwayScore":null,"intSpectators":null,"strOfficial":"","strTimestamp":"2025-06-23T18:45:00","dateEvent":"2025-06-23","dateEventLocal":null,"strTime":"18:45:00","strTimeLocal":null,"strGroup":null,"idHomeTeam":"139302","strHomeTeamBadge":"https:\/\/r2.thesportsdb.com\/images\/media\/team\/badge\/vwh5251582462100.png","idAwayTeam":"147296","strAwayTeamBadge":"https:\/\/r2.thesportsdb.com\/images\/media\/team\/badge\/nxbjkl1679078647.png","intScore":null,"intScoreVotes":null,"strResult":null,"idVenue":null,"strVenue":"St Colmans Park","strCountry":"Ireland","strCity":null,"strPoster":"","strSquare":"","strFanart":null,"strThumb":"https:\/\/r2.thesportsdb.com\/images\/media\/event\/thumb\/xzki4i1740997933.jpg","strBanner":"","strMap":null,"strTweet1":null,"strTweet2":null,"strTweet3":null,"strVideo":null,"strStatus":"Not Started","strPostponed":"no","strLocked":"unlocked"},{"idEvent":"2193648","idAPIfootball":"1324429","strEvent":"Finn Harps vs Dundalk","strEventAlternate":"Dundalk @ Finn Harps","strFilename":"Irish First Division 2025-06-23 Finn Harps vs Dundalk","strSport":"Soccer","idLeague":"4757","strLeague":"Irish First Division","strLeagueBadge":"https:\/\/www.thesportsdb.com\/images\/media\/league\/badge\/4guctd1738686062.png","strSeason":"2025","strDescriptionEN":null,"strHomeTeam":"Finn Harps","strAwayTeam":"Dundalk","intHomeScore":null,"intRound":"20","intAwayScore":null,"intSpectators":null,"strOfficial":"","strTimestamp":"2025-06-23T18:45:00","dateEvent":"2025-06-23","dateEventLocal":null,"strTime":"18:45:00","strTimeLocal":null,"strGroup":null,"idHomeTeam":"138032","strHomeTeamBadge":"https:\/\/r2.thesportsdb.com\/images\/media\/team\/badge\/pfu09n1579281537.png","idAwayTeam":"134618","strAwayTeamBadge":"https:\/\/r2.thesportsdb.com\/images\/media\/team\/badge\/o87ec11681105824.png","intScore":null,"intScoreVotes":null,"strResult":null,"idVenue":"17509","strVenue":"Finn Park","strCountry":"Ireland","strCity":null,"strPoster":"","strSquare":"","strFanart":null,"strThumb":"https:\/\/r2.thesportsdb.com\/images\/media\/event\/thumb\/3r8lef1740997934.jpg","strBanner":"","strMap":null,"strTweet1":null,"strTweet2":null,"strTweet3":null,"strVideo":null,"strStatus":"Not Started","strPostponed":"no","strLocked":"unlocked"},{"idEvent":"2193649","idAPIfootball":"1324430","strEvent":"Longford Town vs Athlone Town","strEventAlternate":"Athlone Town @ Longford Town","strFilename":"Irish First Division 2025-06-23 Longford Town vs Athlone Town","strSport":"Soccer","idLeague":"4757","strLeague":"Irish First Division","strLeagueBadge":"https:\/\/www.thesportsdb.com\/images\/media\/league\/badge\/4guctd1738686062.png","strSeason":"2025","strDescriptionEN":null,"strHomeTeam":"Longford Town","strAwayTeam":"Athlone Town","intHomeScore":null,"intRound":"20","intAwayScore":null,"intSpectators":null,"strOfficial":"","strTimestamp":"2025-06-23T18:45:00","dateEvent":"2025-06-23","dateEventLocal":null,"strTime":"18:45:00","strTimeLocal":null,"strGroup":null,"idHomeTeam":"139309","strHomeTeamBadge":"https:\/\/r2.thesportsdb.com\/images\/media\/team\/badge\/0stujn1582461878.png","idAwayTeam":"139303","strAwayTeamBadge":"https:\/\/r2.thesportsdb.com\/images\/media\/team\/badge\/l60qae1582565295.png","intScore":null,"intScoreVotes":null,"strResult":null,"idVenue":null,"strVenue":"Bishopsgate","strCountry":"Ireland","strCity":null,"strPoster":"","strSquare":"","strFanart":null,"strThumb":"https:\/\/r2.thesportsdb.com\/images\/media\/event\/thumb\/y5464p1740997935.jpg","strBanner":"","strMap":null,"strTweet1":null,"strTweet2":null,"strTweet3":null,"strVideo":null,"strStatus":"Not Started","strPostponed":"no","strLocked":"unlocked"},{"idEvent":"2228345","idAPIfootball":"1356459","strEvent":"PK-35 vs SJK Akatemia","strEventAlternate":"SJK Akatemia @ PK-35","strFilename":"Finnish Ykkösliiga 2025-06-23 PK-35 vs SJK Akatemia","strSport":"Soccer","idLeague":"5474","strLeague":"Finnish Ykkösliiga","strLeagueBadge":"https:\/\/www.thesportsdb.com\/images\/media\/league\/badge\/qbfz6j1719332882.png","strSeason":"2025","strDescriptionEN":null,"strHomeTeam":"PK-35","strAwayTeam":"SJK Akatemia","intHomeScore":null,"intRound":"13","intAwayScore":null,"intSpectators":null,"strOfficial":"","strTimestamp":"2025-06-23T15:30:00","dateEvent":"2025-06-23","dateEventLocal":null,"strTime":"15:30:00","strTimeLocal":null,"strGroup":null,"idHomeTeam":"141154","strHomeTeamBadge":"https:\/\/r2.thesportsdb.com\/images\/media\/team\/badge\/5l3wqh1615842536.png","idAwayTeam":"145259","strAwayTeamBadge":"https:\/\/r2.thesportsdb.com\/images\/media\/team\/badge\/lo7b3u1738986059.png","intScore":null,"intScoreVotes":null,"strResult":null,"idVenue":null,"strVenue":"ISS Stadion","strCountry":"Finland","strCity":null,"strPoster":"","strSquare":"","strFanart":null,"strThumb":"","strBanner":"","strMap":null,"strTweet1":null,"strTweet2":null,"strTweet3":null,"strVideo":null,"strStatus":"Not Started","strPostponed":"no","strLocked":"unlocked"},{"idEvent":"2193650","idAPIfootball":"1324431","strEvent":"Treaty United vs Wexford","strEventAlternate":"Wexford @ Treaty United","strFilename":"Irish First Division 2025-06-23 Treaty United vs Wexford","strSport":"Soccer","idLeague":"4757","strLeague":"Irish First Division","strLeagueBadge":"https:\/\/www.thesportsdb.com\/images\/media\/league\/badge\/4guctd1738686062.png","strSeason":"2025","strDescriptionEN":null,"strHomeTeam":"Treaty United","strAwayTeam":"Wexford","intHomeScore":null,"intRound":"20","intAwayScore":null,"intSpectators":null,"strOfficial":"","strTimestamp":"2025-06-23T18:45:00","dateEvent":"2025-06-23","dateEventLocal":null,"strTime":"18:45:00","strTimeLocal":null,"strGroup":null,"idHomeTeam":"141165","strHomeTeamBadge":"https:\/\/r2.thesportsdb.com\/images\/media\/team\/badge\/xqe0bv1616104889.png","idAwayTeam":"139304","strAwayTeamBadge":"https:\/\/r2.thesportsdb.com\/images\/media\/team\/badge\/r1ythb1672950278.png","intScore":null,"intScoreVotes":null,"strResult":null,"idVenue":"21106","strVenue":"Markets Field","strCountry":"Ireland","strCity":null,"strPoster":"","strSquare":"","strFanart":null,"strThumb":"https:\/\/r2.thesportsdb.com\/images\/media\/event\/thumb\/y01ase1740997936.jpg","strBanner":"","strMap":null,"strTweet1":null,"strTweet2":null,"strTweet3":null,"strVideo":null,"strStatus":"Not Started","strPostponed":"no","strLocked":"unlocked"},{"idEvent":"2246598","idAPIfootball":"1367700","strEvent":"Hunters vs FC Ulaanbaatar","strEventAlternate":"FC Ulaanbaatar @ Hunters","strFilename":"Mongolian Premier League 2025-06-23 Hunters vs FC Ulaanbaatar","strSport":"Soccer","idLeague":"5248","strLeague":"Mongolian Premier League","strLeagueBadge":"https:\/\/www.thesportsdb.com\/images\/media\/league\/badge\/4lojes1725823559.png","strSeason":"2024-2025","strDescriptionEN":"","strHomeTeam":"Hunters","strAwayTeam":"FC Ulaanbaatar","intHomeScore":null,"intRound":"21","intAwayScore":null,"intSpectators":null,"strOfficial":"","strTimestamp":"2025-06-23T11:15:00","dateEvent":"2025-06-23","dateEventLocal":"2025-05-18","strTime":"11:15:00","strTimeLocal":"19:15:00","strGroup":"","idHomeTeam":"149217","strHomeTeamBadge":"https:\/\/r2.thesportsdb.com\/images\/media\/team\/badge\/vxhg7j1723830368.png","idAwayTeam":"146900","strAwayTeamBadge":"https:\/\/r2.thesportsdb.com\/images\/media\/team\/badge\/ozacdg1661360293.png","intScore":null,"intScoreVotes":null,"strResult":"","idVenue":"0","strVenue":"","strCountry":"Mongolia","strCity":"","strPoster":"","strSquare":"","strFanart":null,"strThumb":"","strBanner":"","strMap":null,"strTweet1":"","strTweet2":"","strTweet3":"","strVideo":"","strStatus":"Not Started","strPostponed":"no","strLocked":"unlocked"},{"idEvent":"2248110","idAPIfootball":"1368809","strEvent":"AHFC Royals vs Lonestar SC","strEventAlternate":"Lonestar SC @ AHFC Royals","strFilename":"USL League Two 2025-06-23 AHFC Royals vs Lonestar SC","strSport":"Soccer","idLeague":"5077","strLeague":"USL League Two","strLeagueBadge":"https:\/\/www.thesportsdb.com\/images\/media\/league\/badge\/qeifr01627139879.png","strSeason":"2025","strDescriptionEN":null,"strHomeTeam":"AHFC Royals","strAwayTeam":"Lonestar SC","intHomeScore":null,"intRound":"17","intAwayScore":null,"intSpectators":null,"strOfficial":"","strTimestamp":"2025-06-23T00:00:00","dateEvent":"2025-06-23","dateEventLocal":null,"strTime":"00:00:00","strTimeLocal":null,"strGroup":null,"idHomeTeam":"142167","strHomeTeamBadge":"https:\/\/r2.thesportsdb.com\/images\/media\/team\/badge\/12kzt41655990269.png","idAwayTeam":"151819","strAwayTeamBadge":"https:\/\/www.thesportsdb.com\/images\/media\/team\/badge\/8d03lm1744254256.png","intScore":null,"intScoreVotes":null,"strResult":null,"idVenue":null,"strVenue":"British International School of Houston","strCountry":"United States","strCity":null,"strPoster":"","strSquare":"","strFanart":null,"strThumb":"","strBanner":"","strMap":null,"strTweet1":null,"strTweet2":null,"strTweet3":null,"strVideo":null,"strStatus":"Not Started","strPostponed":"no","strLocked":"unlocked"},{"idEvent":"2248111","idAPIfootball":"1369355","strEvent":"Sporting JAX vs Brooke House","strEventAlternate":"Brooke House @ Sporting JAX","strFilename":"USL League Two 2025-06-23 Sporting JAX vs Brooke House","strSport":"Soccer","idLeague":"5077","strLeague":"USL League Two","strLeagueBadge":"https:\/\/www.thesportsdb.com\/images\/media\/league\/badge\/qeifr01627139879.png","strSeason":"2025","strDescriptionEN":null,"strHomeTeam":"Sporting JAX","strAwayTeam":"Brooke House","intHomeScore":null,"intRound":"17","intAwayScore":null,"intSpectators":null,"strOfficial":"","strTimestamp":"2025-06-23T23:00:00","dateEvent":"2025-06-23","dateEventLocal":null,"strTime":"23:00:00","strTimeLocal":null,"strGroup":null,"idHomeTeam":"151793","strHomeTeamBadge":"https:\/\/www.thesportsdb.com\/images\/media\/team\/badge\/ddj2h91744180515.png","idAwayTeam":"151791","strAwayTeamBadge":"https:\/\/www.thesportsdb.com\/images\/media\/team\/badge\/4nvgix1744179883.png","intScore":null,"intScoreVotes":null,"strResult":null,"idVenue":null,"strVenue":"","strCountry":"United States","strCity":null,"strPoster":"","strSquare":"","strFanart":null,"strThumb":"","strBanner":"","strMap":null,"strTweet1":null,"strTweet2":null,"strTweet3":null,"strVideo":null,"strStatus":"Not Started","strPostponed":"no","strLocked":"unlocked"},{"idEvent":"2249190","idAPIfootball":"1371374","strEvent":"Mexico vs Costa Rica","strEventAlternate":"Costa Rica @ Mexico","strFilename":"CONCACAF Gold Cup 2025-06-23 Mexico vs Costa Rica","strSport":"Soccer","idLeague":"4873","strLeague":"CONCACAF Gold Cup","strLeagueBadge":"https:\/\/www.thesportsdb.com\/images\/media\/league\/badge\/pfx34h1621878481.png","strSeason":"2025","strDescriptionEN":"","strHomeTeam":"Mexico","strAwayTeam":"Costa Rica","intHomeScore":null,"intRound":"3","intAwayScore":null,"intSpectators":null,"strOfficial":"","strTimestamp":"2025-06-23T02:00:00","dateEvent":"2025-06-23","dateEventLocal":"2025-06-22","strTime":"02:00:00","strTimeLocal":"19:00:00","strGroup":"A","idHomeTeam":"134497","strHomeTeamBadge":"https:\/\/www.thesportsdb.com\/images\/media\/team\/badge\/3rmosi1748525208.png","idAwayTeam":"134505","strAwayTeamBadge":"https:\/\/r2.thesportsdb.com\/images\/media\/team\/badge\/bss90a1637840151.png","intScore":null,"intScoreVotes":null,"strResult":"","idVenue":"21293","strVenue":"Allegiant Stadium","strCountry":"United States","strCity":"Paradise, NV","strPoster":"","strSquare":"","strFanart":null,"strThumb":"https:\/\/www.thesportsdb.com\/images\/media\/event\/thumb\/p0rrc11747657604.jpg","strBanner":"","strMap":null,"strTweet1":"","strTweet2":"","strTweet3":"","strVideo":"","strStatus":"Not Started","strPostponed":"no","strLocked":"unlocked"},{"idEvent":"2249191","idAPIfootball":"1371375","strEvent":"Dominican Republic vs Suriname","strEventAlternate":"Suriname @ Dominican Republic","strFilename":"CONCACAF Gold Cup 2025-06-23 Dominican Republic vs Suriname","strSport":"Soccer","idLeague":"4873","strLeague":"CONCACAF Gold Cup","strLeagueBadge":"https:\/\/www.thesportsdb.com\/images\/media\/league\/badge\/pfx34h1621878481.png","strSeason":"2025","strDescriptionEN":"","strHomeTeam":"Dominican Republic","strAwayTeam":"Suriname","intHomeScore":null,"intRound":"3","intAwayScore":null,"intSpectators":null,"strOfficial":"","strTimestamp":"2025-06-23T02:00:00","dateEvent":"2025-06-23","dateEventLocal":"2025-06-22","strTime":"02:00:00","strTimeLocal":"21:00:00","strGroup":"A","idHomeTeam":"140273","strHomeTeamBadge":"https:\/\/www.thesportsdb.com\/images\/media\/team\/badge\/kifuts1749157472.png","idAwayTeam":"140285","strAwayTeamBadge":"https:\/\/r2.thesportsdb.com\/images\/media\/team\/badge\/fpwsu31600976268.png","intScore":null,"intScoreVotes":null,"strResult":"","idVenue":"15802","strVenue":"AT&T Stadium","strCountry":"United States","strCity":"Arlington, TX","strPoster":"","strSquare":"","strFanart":null,"strThumb":"https:\/\/www.thesportsdb.com\/images\/media\/event\/thumb\/tmzvi51747657607.jpg","strBanner":"","strMap":null,"strTweet1":"","strTweet2":"","strTweet3":"","strVideo":"","strStatus":"Not Started","strPostponed":"no","strLocked":"unlocked"},{"idEvent":"2194804","idAPIfootball":"1321711","strEvent":"Manchester City vs Al Ain","strEventAlternate":"Al Ain @ Manchester City","strFilename":"FIFA Club World Cup 2025-06-23 Manchester City vs Al Ain","strSport":"Soccer","idLeague":"4503","strLeague":"FIFA Club World Cup","strLeagueBadge":"https:\/\/www.thesportsdb.com\/images\/media\/league\/badge\/yesbil1731546197.png","strSeason":"2025","strDescriptionEN":"","strHomeTeam":"Manchester City","strAwayTeam":"Al Ain","intHomeScore":null,"intRound":"2","intAwayScore":null,"intSpectators":null,"strOfficial":"","strTimestamp":"2025-06-23T01:00:00","dateEvent":"2025-06-23","dateEventLocal":"2025-06-22","strTime":"01:00:00","strTimeLocal":"21:00:00","strGroup":"G","idHomeTeam":"133613","strHomeTeamBadge":"https:\/\/r2.thesportsdb.com\/images\/media\/team\/badge\/vwpvry1467462651.png","idAwayTeam":"137832","strAwayTeamBadge":"https:\/\/www.thesportsdb.com\/images\/media\/team\/badge\/0w2bk51747334688.png","intScore":null,"intScoreVotes":null,"strResult":"","idVenue":"16029","strVenue":"Mercedes-Benz Stadium","strCountry":"United States","strCity":"Atlanta, Georgia","strPoster":"","strSquare":"","strFanart":null,"strThumb":"https:\/\/www.thesportsdb.com\/images\/media\/event\/thumb\/w5ohk81747375102.jpg","strBanner":"","strMap":null,"strTweet1":"","strTweet2":"","strTweet3":"","strVideo":"","strStatus":"Not Started","strPostponed":"no","strLocked":"unlocked"},{"idEvent":"2194805","idAPIfootball":"1321712","strEvent":"Atlético Madrid vs Botafogo","strEventAlternate":"Botafogo @ Atletico Madrid","strFilename":"FIFA Club World Cup 2025-06-23 Atlético Madrid vs Botafogo","strSport":"Soccer","idLeague":"4503","strLeague":"FIFA Club World Cup","strLeagueBadge":"https:\/\/www.thesportsdb.com\/images\/media\/league\/badge\/yesbil1731546197.png","strSeason":"2025","strDescriptionEN":"","strHomeTeam":"Atletico Madrid","strAwayTeam":"Botafogo","intHomeScore":null,"intRound":"3","intAwayScore":null,"intSpectators":null,"strOfficial":"","strTimestamp":"2025-06-23T19:00:00","dateEvent":"2025-06-23","dateEventLocal":"2025-06-23","strTime":"19:00:00","strTimeLocal":"12:00:00","strGroup":"B","idHomeTeam":"133729","strHomeTeamBadge":"https:\/\/r2.thesportsdb.com\/images\/media\/team\/badge\/0ulh3q1719984315.png","idAwayTeam":"134285","strAwayTeamBadge":"https:\/\/r2.thesportsdb.com\/images\/media\/team\/badge\/bs5mbw1733004596.png","intScore":null,"intScoreVotes":null,"strResult":"","idVenue":"30825","strVenue":"Rose Bowl Pasadena","strCountry":"United States","strCity":"Pasadena, California","strPoster":"","strSquare":"","strFanart":null,"strThumb":"https:\/\/www.thesportsdb.com\/images\/media\/event\/thumb\/rqffra1747375103.jpg","strBanner":"","strMap":null,"strTweet1":"","strTweet2":"","strTweet3":"","strVideo":"","strStatus":"Not Started","strPostponed":"no","strLocked":"unlocked"},{"idEvent":"2258527","idAPIfootball":"1375527","strEvent":"Hay Al Wadi vs Alamal SC Atbara","strEventAlternate":"Alamal SC Atbara @ Hay Al Wadi","strFilename":"Sudani Premier League 2025-06-23 Hay Al Wadi vs Alamal SC Atbara","strSport":"Soccer","idLeague":"5255","strLeague":"Sudani Premier League","strLeagueBadge":"https:\/\/www.thesportsdb.com\/images\/media\/league\/badge\/peroxg1645298675.png","strSeason":"2025","strDescriptionEN":null,"strHomeTeam":"Hay Al Wadi","strAwayTeam":"Alamal SC Atbara","intHomeScore":null,"intRound":"7","intAwayScore":null,"intSpectators":null,"strOfficial":"","strTimestamp":"2025-06-23T14:00:00","dateEvent":"2025-06-23","dateEventLocal":null,"strTime":"14:00:00","strTimeLocal":null,"strGroup":null,"idHomeTeam":"143550","strHomeTeamBadge":"https:\/\/r2.thesportsdb.com\/images\/media\/team\/badge\/1fn0bm1629163001.png","idAwayTeam":"142435","strAwayTeamBadge":"https:\/\/r2.thesportsdb.com\/images\/media\/team\/badge\/j9t19a1626018631.png","intScore":null,"intScoreVotes":null,"strResult":null,"idVenue":null,"strVenue":"","strCountry":"Sudan","strCity":null,"strPoster":"","strSquare":"","strFanart":null,"strThumb":"","strBanner":"","strMap":null,"strTweet1":null,"strTweet2":null,"strTweet3":null,"strVideo":null,"strStatus":"Not Started","strPostponed":"no","strLocked":"unlocked"},{"idEvent":"2258655","idAPIfootball":"1375731","strEvent":"Al Sadaqa vs Al-Akhdar","strEventAlternate":"Al-Akhdar @ Al Sadaqa","strFilename":"Libyan Premier League 2025-06-23 Al Sadaqa vs Al-Akhdar","strSport":"Soccer","idLeague":"5245","strLeague":"Libyan Premier League","strLeagueBadge":"https:\/\/www.thesportsdb.com\/images\/media\/league\/badge\/pqdt6p1727714494.png","strSeason":"2024-2025","strDescriptionEN":"","strHomeTeam":"Al Sadaqa","strAwayTeam":"Al-Akhdar","intHomeScore":null,"intRound":"10","intAwayScore":null,"intSpectators":null,"strOfficial":"","strTimestamp":"2025-06-23T15:00:00","dateEvent":"2025-06-23","dateEventLocal":"2025-06-04","strTime":"15:00:00","strTimeLocal":"17:00:00","strGroup":"","idHomeTeam":"145588","strHomeTeamBadge":"https:\/\/r2.thesportsdb.com\/images\/media\/team\/badge\/x2g2fu1694667629.png","idAwayTeam":"145590","strAwayTeamBadge":"https:\/\/r2.thesportsdb.com\/images\/media\/team\/badge\/j4wo8f1645561805.png","intScore":null,"intScoreVotes":null,"strResult":"","idVenue":"0","strVenue":"","strCountry":"Libya","strCity":"","strPoster":"","strSquare":"","strFanart":null,"strThumb":"","strBanner":"","strMap":null,"strTweet1":"","strTweet2":"","strTweet3":"","strVideo":"","strStatus":"Not Started","strPostponed":"no","strLocked":"unlocked"},{"idEvent":"2194806","idAPIfootball":"1321713","strEvent":"Seattle Sounders FC vs Paris SG","strEventAlternate":"Paris SG @ Seattle Sounders FC","strFilename":"FIFA Club World Cup 2025-06-23 Seattle Sounders FC vs Paris SG","strSport":"Soccer","idLeague":"4503","strLeague":"FIFA Club World Cup","strLeagueBadge":"https:\/\/www.thesportsdb.com\/images\/media\/league\/badge\/yesbil1731546197.png","strSeason":"2025","strDescriptionEN":"","strHomeTeam":"Seattle Sounders FC","strAwayTeam":"Paris SG","intHomeScore":null,"intRound":"3","intAwayScore":null,"intSpectators":null,"strOfficial":"","strTimestamp":"2025-06-23T19:00:00","dateEvent":"2025-06-23","dateEventLocal":"2025-06-23","strTime":"19:00:00","strTimeLocal":"12:00:00","strGroup":"B","idHomeTeam":"134149","strHomeTeamBadge":"https:\/\/r2.thesportsdb.com\/images\/media\/team\/badge\/2dy5cx1706711036.png","idAwayTeam":"133714","strAwayTeamBadge":"https:\/\/r2.thesportsdb.com\/images\/media\/team\/badge\/rwqrrq1473504808.png","intScore":null,"intScoreVotes":null,"strResult":"","idVenue":"19833","strVenue":"Lumen Field","strCountry":"United States","strCity":"Seattle, Washington","strPoster":"","strSquare":"","strFanart":null,"strThumb":"https:\/\/www.thesportsdb.com\/images\/media\/event\/thumb\/v7ag8g1747375105.jpg","strBanner":"","strMap":null,"strTweet1":"","strTweet2":"","strTweet3":"","strVideo":"","strStatus":"Not Started","strPostponed":"no","strLocked":"unlocked"},{"idEvent":"2258657","idAPIfootball":"1375733","strEvent":"Al-Hilal Benghazi vs Al-Nasr SCSC","strEventAlternate":"Al-Nasr SCSC @ Al-Hilal Benghazi","strFilename":"Libyan Premier League 2025-06-23 Al-Hilal Benghazi vs Al-Nasr SCSC","strSport":"Soccer","idLeague":"5245","strLeague":"Libyan Premier League","strLeagueBadge":"https:\/\/www.thesportsdb.com\/images\/media\/league\/badge\/pqdt6p1727714494.png","strSeason":"2024-2025","strDescriptionEN":"","strHomeTeam":"Al-Hilal Benghazi","strAwayTeam":"Al-Nasr SCSC","intHomeScore":null,"intRound":"10","intAwayScore":null,"intSpectators":null,"strOfficial":"","strTimestamp":"2025-06-23T15:00:00","dateEvent":"2025-06-23","dateEventLocal":"2025-06-04","strTime":"15:00:00","strTimeLocal":"17:00:00","strGroup":"","idHomeTeam":"145587","strHomeTeamBadge":"https:\/\/r2.thesportsdb.com\/images\/media\/team\/badge\/4h67kh1666899404.png","idAwayTeam":"139759","strAwayTeamBadge":"https:\/\/r2.thesportsdb.com\/images\/media\/team\/badge\/us7m641589380977.png","intScore":null,"intScoreVotes":null,"strResult":"","idVenue":"20979","strVenue":"Martyrs of February Stadium","strCountry":"Libya","strCity":"","strPoster":"","strSquare":"","strFanart":null,"strThumb":"","strBanner":"","strMap":null,"strTweet1":"","strTweet2":"","strTweet3":"","strVideo":"","strStatus":"Not Started","strPostponed":"no","strLocked":"unlocked"},{"idEvent":"2259828","idAPIfootball":"1376031","strEvent":"Cerro Largo vs Plaza Colonia","strEventAlternate":"Plaza Colonia @ Cerro Largo","strFilename":"Uruguayan Primera Division 2025-06-23 Cerro Largo vs Plaza Colonia","strSport":"Soccer","idLeague":"4432","strLeague":"Uruguayan Primera Division","strLeagueBadge":"https:\/\/www.thesportsdb.com\/images\/media\/league\/badge\/3p98xv1740672448.png","strSeason":"2025","strDescriptionEN":"","strHomeTeam":"Cerro Largo","strAwayTeam":"Plaza Colonia","intHomeScore":null,"intRound":"6","intAwayScore":null,"intSpectators":null,"strOfficial":"","strTimestamp":"2025-06-23T23:00:00","dateEvent":"2025-06-23","dateEventLocal":"2025-06-20","strTime":"23:00:00","strTimeLocal":"19:00:00","strGroup":"","idHomeTeam":"138817","strHomeTeamBadge":"https:\/\/r2.thesportsdb.com\/images\/media\/team\/badge\/f2lnua1580234598.png","idAwayTeam":"136053","strAwayTeamBadge":"https:\/\/r2.thesportsdb.com\/images\/media\/team\/badge\/s0gfrz1517658228.png","intScore":null,"intScoreVotes":null,"strResult":"","idVenue":"0","strVenue":"","strCountry":"Uruguay","strCity":"","strPoster":"","strSquare":"","strFanart":null,"strThumb":"https:\/\/www.thesportsdb.com\/images\/media\/event\/thumb\/72n6vk1748074841.jpg","strBanner":"","strMap":null,"strTweet1":"","strTweet2":"","strTweet3":"","strVideo":"","strStatus":"Not Started","strPostponed":"no","strLocked":"unlocked"},{"idEvent":"2259832","idAPIfootball":"1376035","strEvent":"Boston River vs Montevideo City Torque","strEventAlternate":"Montevideo City Torque @ Boston River","strFilename":"Uruguayan Primera Division 2025-06-23 Boston River vs Montevideo City Torque","strSport":"Soccer","idLeague":"4432","strLeague":"Uruguayan Primera Division","strLeagueBadge":"https:\/\/www.thesportsdb.com\/images\/media\/league\/badge\/3p98xv1740672448.png","strSeason":"2025","strDescriptionEN":"","strHomeTeam":"Boston River","strAwayTeam":"Montevideo City Torque","intHomeScore":null,"intRound":"6","intAwayScore":null,"intSpectators":null,"strOfficial":"","strTimestamp":"2025-06-23T21:00:00","dateEvent":"2025-06-23","dateEventLocal":"2025-06-20","strTime":"21:00:00","strTimeLocal":"19:00:00","strGroup":"","idHomeTeam":"136051","strHomeTeamBadge":"https:\/\/r2.thesportsdb.com\/images\/media\/team\/badge\/8zq9n91736218442.png","idAwayTeam":"138818","strAwayTeamBadge":"https:\/\/r2.thesportsdb.com\/images\/media\/team\/badge\/v7urjn1580234584.png","intScore":null,"intScoreVotes":null,"strResult":"","idVenue":"0","strVenue":"","strCountry":"Uruguay","strCity":"","strPoster":"","strSquare":"","strFanart":null,"strThumb":"https:\/\/r2.thesportsdb.com\/images\/media\/event\/thumb\/epmfdi1661522075.jpg","strBanner":"","strMap":null,"strTweet1":"","strTweet2":"","strTweet3":"","strVideo":"","strStatus":"Not Started","strPostponed":"no","strLocked":"unlocked"},{"idEvent":"2260837","idAPIfootball":"1376802","strEvent":"Ilbirs Bishkek vs Alga Bishkek","strEventAlternate":"Alga Bishkek @ Ilbirs Bishkek","strFilename":"Kyrgyz Premier League 2025-06-23 Ilbirs Bishkek vs Alga Bishkek","strSport":"Soccer","idLeague":"4969","strLeague":"Kyrgyz Premier League","strLeagueBadge":"https:\/\/www.thesportsdb.com\/images\/media\/league\/badge\/0rx8a31617290149.png","strSeason":"2025","strDescriptionEN":"","strHomeTeam":"Ilbirs Bishkek","strAwayTeam":"Alga Bishkek","intHomeScore":null,"intRound":"13","intAwayScore":null,"intSpectators":null,"strOfficial":"","strTimestamp":"2025-06-23T10:00:00","dateEvent":"2025-06-23","dateEventLocal":"2025-06-23","strTime":"10:00:00","strTimeLocal":"04:00:00","strGroup":"","idHomeTeam":"141266","strHomeTeamBadge":"https:\/\/r2.thesportsdb.com\/images\/media\/team\/badge\/fa4vyh1617290363.png","idAwayTeam":"141265","strAwayTeamBadge":"https:\/\/r2.thesportsdb.com\/images\/media\/team\/badge\/uv5fce1617290357.png","intScore":null,"intScoreVotes":null,"strResult":"","idVenue":"0","strVenue":"","strCountry":"Kyrgyzstan","strCity":"","strPoster":"","strSquare":"","strFanart":null,"strThumb":"","strBanner":"","strMap":null,"strTweet1":"","strTweet2":"","strTweet3":"","strVideo":"","strStatus":"Not Started","strPostponed":"no","strLocked":"unlocked"},{"idEvent":"2260838","idAPIfootball":"1376803","strEvent":"Muras United vs OshSU Aldier","strEventAlternate":"OshSU Aldier @ Muras United","strFilename":"Kyrgyz Premier League 2025-06-23 Muras United vs OshSU Aldier","strSport":"Soccer","idLeague":"4969","strLeague":"Kyrgyz Premier League","strLeagueBadge":"https:\/\/www.thesportsdb.com\/images\/media\/league\/badge\/0rx8a31617290149.png","strSeason":"2025","strDescriptionEN":"","strHomeTeam":"Muras United","strAwayTeam":"OshSU Aldier","intHomeScore":null,"intRound":"13","intAwayScore":null,"intSpectators":null,"strOfficial":"","strTimestamp":"2025-06-23T10:00:00","dateEvent":"2025-06-23","dateEventLocal":"2025-06-23","strTime":"10:00:00","strTimeLocal":"04:00:00","strGroup":"","idHomeTeam":"147330","strHomeTeamBadge":"https:\/\/r2.thesportsdb.com\/images\/media\/team\/badge\/vudauk1680186671.png","idAwayTeam":"147331","strAwayTeamBadge":"https:\/\/r2.thesportsdb.com\/images\/media\/team\/badge\/1elaoj1680186675.png","intScore":null,"intScoreVotes":null,"strResult":"","idVenue":"0","strVenue":"","strCountry":"Kyrgyzstan","strCity":"","strPoster":"","strSquare":"","strFanart":null,"strThumb":"","strBanner":"","strMap":null,"strTweet1":"","strTweet2":"","strTweet3":"","strVideo":"","strStatus":"Not Started","strPostponed":"no","strLocked":"unlocked"},{"idEvent":"2260839","idAPIfootball":"1376804","strEvent":"Dordoi Bishkek vs Neftchi Kochkor-Ata","strEventAlternate":"Neftchi Kochkor-Ata @ Dordoi Bishkek","strFilename":"Kyrgyz Premier League 2025-06-23 Dordoi Bishkek vs Neftchi Kochkor-Ata","strSport":"Soccer","idLeague":"4969","strLeague":"Kyrgyz Premier League","strLeagueBadge":"https:\/\/www.thesportsdb.com\/images\/media\/league\/badge\/0rx8a31617290149.png","strSeason":"2025","strDescriptionEN":"","strHomeTeam":"Dordoi Bishkek","strAwayTeam":"Neftchi Kochkor-Ata","intHomeScore":null,"intRound":"13","intAwayScore":null,"intSpectators":null,"strOfficial":"","strTimestamp":"2025-06-23T10:00:00","dateEvent":"2025-06-23","dateEventLocal":"2025-06-23","strTime":"10:00:00","strTimeLocal":"04:00:00","strGroup":"","idHomeTeam":"139517","strHomeTeamBadge":"https:\/\/r2.thesportsdb.com\/images\/media\/team\/badge\/qjhokk1583952798.png","idAwayTeam":"141269","strAwayTeamBadge":"https:\/\/r2.thesportsdb.com\/images\/media\/team\/badge\/7nddqu1654693556.png","intScore":null,"intScoreVotes":null,"strResult":"","idVenue":"0","strVenue":"","strCountry":"Kyrgyzstan","strCity":"","strPoster":"","strSquare":"","strFanart":null,"strThumb":"","strBanner":"","strMap":null,"strTweet1":"","strTweet2":"","strTweet3":"","strVideo":"","strStatus":"Not Started","strPostponed":"no","strLocked":"unlocked"},{"idEvent":"2258656","idAPIfootball":"1375732","strEvent":"Al-Ahly Benghazi vs Al-Tahaddi","strEventAlternate":"Al-Tahaddi @ Al-Ahly Benghazi","strFilename":"Libyan Premier League 2025-06-23 Al-Ahly Benghazi vs Al-Tahaddi","strSport":"Soccer","idLeague":"5245","strLeague":"Libyan Premier League","strLeagueBadge":"https:\/\/www.thesportsdb.com\/images\/media\/league\/badge\/pqdt6p1727714494.png","strSeason":"2024-2025","strDescriptionEN":"","strHomeTeam":"Al-Ahly Benghazi","strAwayTeam":"Al-Tahaddi","intHomeScore":null,"intRound":"10","intAwayScore":null,"intSpectators":null,"strOfficial":"","strTimestamp":"2025-06-23T15:00:00","dateEvent":"2025-06-23","dateEventLocal":"2025-06-04","strTime":"15:00:00","strTimeLocal":"17:00:00","strGroup":"","idHomeTeam":"140634","strHomeTeamBadge":"https:\/\/r2.thesportsdb.com\/images\/media\/team\/badge\/4xxsye1611948529.png","idAwayTeam":"145593","strAwayTeamBadge":"https:\/\/r2.thesportsdb.com\/images\/media\/team\/badge\/l10ugb1666899412.png","intScore":null,"intScoreVotes":null,"strResult":"","idVenue":"0","strVenue":"","strCountry":"Libya","strCity":"","strPoster":"","strSquare":"","strFanart":null,"strThumb":"","strBanner":"","strMap":null,"strTweet1":"","strTweet2":"","strTweet3":"","strVideo":"","strStatus":"Not Started","strPostponed":"no","strLocked":"unlocked"},{"idEvent":"2201331","idAPIfootball":"1332779","strEvent":"Breiðablik vs Fram Reykjavík","strEventAlternate":"Fram Reykjavík @ Breiðablik","strFilename":"Icelandic Úrvalsdeild karla 2025-06-23 Breiðablik vs Fram Reykjavík","strSport":"Soccer","idLeague":"4642","strLeague":"Icelandic Úrvalsdeild karla","strLeagueBadge":"https:\/\/www.thesportsdb.com\/images\/media\/league\/badge\/ogurbx1686156397.png","strSeason":"2025","strDescriptionEN":"","strHomeTeam":"Breiðablik","strAwayTeam":"Fram Reykjavík","intHomeScore":null,"intRound":"12","intAwayScore":null,"intSpectators":null,"strOfficial":"","strTimestamp":"2025-06-23T19:15:00","dateEvent":"2025-06-23","dateEventLocal":"2025-06-22","strTime":"19:15:00","strTimeLocal":"19:15:00","strGroup":"","idHomeTeam":"134347","strHomeTeamBadge":"https:\/\/r2.thesportsdb.com\/images\/media\/team\/badge\/fkbtng1512142899.png","idAwayTeam":"140780","strAwayTeamBadge":"https:\/\/r2.thesportsdb.com\/images\/media\/team\/badge\/6dad9y1614288069.png","intScore":null,"intScoreVotes":null,"strResult":"","idVenue":"17265","strVenue":"Kópavogsvöllur","strCountry":"Iceland","strCity":"","strPoster":"","strSquare":"","strFanart":null,"strThumb":"https:\/\/r2.thesportsdb.com\/images\/media\/event\/thumb\/5xn7ez1681218863.jpg","strBanner":"","strMap":null,"strTweet1":"","strTweet2":"","strTweet3":"","strVideo":"","strStatus":"Not Started","strPostponed":"no","strLocked":"unlocked"},{"idEvent":"2265451","idAPIfootball":"1378383","strEvent":"Hunters vs FC Ulaanbaatar","strEventAlternate":"FC Ulaanbaatar @ Hunters","strFilename":"Mongolian Premier League 2025-06-23 Hunters vs FC Ulaanbaatar","strSport":"Soccer","idLeague":"5248","strLeague":"Mongolian Premier League","strLeagueBadge":"https:\/\/www.thesportsdb.com\/images\/media\/league\/badge\/4lojes1725823559.png","strSeason":"2024-2025","strDescriptionEN":null,"strHomeTeam":"Hunters","strAwayTeam":"FC Ulaanbaatar","intHomeScore":null,"intRound":"21","intAwayScore":null,"intSpectators":null,"strOfficial":"","strTimestamp":"2025-06-23T11:15:00","dateEvent":"2025-06-23","dateEventLocal":null,"strTime":"11:15:00","strTimeLocal":null,"strGroup":null,"idHomeTeam":"149217","strHomeTeamBadge":"https:\/\/r2.thesportsdb.com\/images\/media\/team\/badge\/vxhg7j1723830368.png","idAwayTeam":"146900","strAwayTeamBadge":"https:\/\/r2.thesportsdb.com\/images\/media\/team\/badge\/ozacdg1661360293.png","intScore":null,"intScoreVotes":null,"strResult":null,"idVenue":null,"strVenue":"","strCountry":"Mongolia","strCity":null,"strPoster":"","strSquare":"","strFanart":null,"strThumb":"","strBanner":"","strMap":null,"strTweet1":null,"strTweet2":null,"strTweet3":null,"strVideo":null,"strStatus":"Not Started","strPostponed":"no","strLocked":"unlocked"},{"idEvent":"2265515","idAPIfootball":"1378515","strEvent":"Dinamo-2 Minsk vs Bumprom Gomel","strEventAlternate":"Bumprom Gomel @ Dinamo-2 Minsk","strFilename":"Belarusian First League 2025-06-23 Dinamo-2 Minsk vs Bumprom Gomel","strSport":"Soccer","idLeague":"4812","strLeague":"Belarusian First League","strLeagueBadge":"https:\/\/www.thesportsdb.com\/images\/media\/league\/badge\/zyyfcp1656531830.png","strSeason":"2025","strDescriptionEN":null,"strHomeTeam":"Dinamo-2 Minsk","strAwayTeam":"Bumprom Gomel","intHomeScore":null,"intRound":"13","intAwayScore":null,"intSpectators":null,"strOfficial":"","strTimestamp":"2025-06-23T15:00:00","dateEvent":"2025-06-23","dateEventLocal":null,"strTime":"15:00:00","strTimeLocal":null,"strGroup":null,"idHomeTeam":"150302","strHomeTeamBadge":"https:\/\/r2.thesportsdb.com\/images\/media\/team\/badge\/g7nwao1734718771.png","idAwayTeam":"142514","strAwayTeamBadge":"https:\/\/r2.thesportsdb.com\/images\/media\/team\/badge\/51aag11734718454.png","intScore":null,"intScoreVotes":null,"strResult":null,"idVenue":null,"strVenue":"","strCountry":"Belarus","strCity":null,"strPoster":"","strSquare":"","strFanart":null,"strThumb":"","strBanner":"","strMap":null,"strTweet1":null,"strTweet2":null,"strTweet3":null,"strVideo":null,"strStatus":"Not Started","strPostponed":"no","strLocked":"unlocked"},{"idEvent":"2265518","idAPIfootball":"1378518","strEvent":"Minsk-2 vs UniXLabs Minsk","strEventAlternate":"UniXLabs Minsk @ Minsk-2","strFilename":"Belarusian First League 2025-06-23 Minsk-2 vs UniXLabs Minsk","strSport":"Soccer","idLeague":"4812","strLeague":"Belarusian First League","strLeagueBadge":"https:\/\/www.thesportsdb.com\/images\/media\/league\/badge\/zyyfcp1656531830.png","strSeason":"2025","strDescriptionEN":null,"strHomeTeam":"Minsk-2","strAwayTeam":"UniXLabs Minsk","intHomeScore":null,"intRound":"13","intAwayScore":null,"intSpectators":null,"strOfficial":"","strTimestamp":"2025-06-23T16:00:00","dateEvent":"2025-06-23","dateEventLocal":null,"strTime":"16:00:00","strTimeLocal":null,"strGroup":null,"idHomeTeam":"151594","strHomeTeamBadge":"https:\/\/r2.thesportsdb.com\/images\/media\/team\/badge\/a4r33r1741883667.png","idAwayTeam":"146266","strAwayTeamBadge":"https:\/\/r2.thesportsdb.com\/images\/media\/team\/badge\/wpfgq11741884053.png","intScore":null,"intScoreVotes":null,"strResult":null,"idVenue":null,"strVenue":"","strCountry":"Belarus","strCity":null,"strPoster":"","strSquare":"","strFanart":null,"strThumb":"","strBanner":"","strMap":null,"strTweet1":null,"strTweet2":null,"strTweet3":null,"strVideo":null,"strStatus":"Not Started","strPostponed":"no","strLocked":"unlocked"},{"idEvent":"2201332","idAPIfootball":"1332780","strEvent":"ÍBV Vestmannaeyjar vs Afturelding","strEventAlternate":"Afturelding @ ÍBV Vestmannaeyjar","strFilename":"Icelandic Úrvalsdeild karla 2025-06-23 ÍBV Vestmannaeyjar vs Afturelding","strSport":"Soccer","idLeague":"4642","strLeague":"Icelandic Úrvalsdeild karla","strLeagueBadge":"https:\/\/www.thesportsdb.com\/images\/media\/league\/badge\/ogurbx1686156397.png","strSeason":"2025","strDescriptionEN":null,"strHomeTeam":"ÍBV Vestmannaeyjar","strAwayTeam":"Afturelding","intHomeScore":null,"intRound":"12","intAwayScore":null,"intSpectators":null,"strOfficial":"","strTimestamp":"2025-06-23T18:00:00","dateEvent":"2025-06-23","dateEventLocal":null,"strTime":"18:00:00","strTimeLocal":null,"strGroup":null,"idHomeTeam":"136128","strHomeTeamBadge":"https:\/\/r2.thesportsdb.com\/images\/media\/team\/badge\/8l0hzg1579111284.png","idAwayTeam":"140779","strAwayTeamBadge":"https:\/\/r2.thesportsdb.com\/images\/media\/team\/badge\/j24n2z1614288065.png","intScore":null,"intScoreVotes":null,"strResult":null,"idVenue":"20673","strVenue":"Hásteinsvöllur","strCountry":"Iceland","strCity":null,"strPoster":"","strSquare":"","strFanart":null,"strThumb":"https:\/\/www.thesportsdb.com\/images\/media\/event\/thumb\/hqlrs21744010765.jpg","strBanner":"","strMap":null,"strTweet1":null,"strTweet2":null,"strTweet3":null,"strVideo":null,"strStatus":"Not Started","strPostponed":"no","strLocked":"unlocked"},{"idEvent":"2265983","idAPIfootball":"1378914","strEvent":"Independiente CG vs Deportivo Capiatá","strEventAlternate":"Deportivo Capiatá @ Independiente CG","strFilename":"Paraguayan División Intermedia 2025-06-23 Independiente CG vs Deportivo Capiatá","strSport":"Soccer","idLeague":"4900","strLeague":"Paraguayan División Intermedia","strLeagueBadge":"https:\/\/www.thesportsdb.com\/images\/media\/league\/badge\/a9tpbu1611675387.png","strSeason":"2025","strDescriptionEN":null,"strHomeTeam":"Independiente CG","strAwayTeam":"Deportivo Capiatá","intHomeScore":null,"intRound":"14","intAwayScore":null,"intSpectators":null,"strOfficial":"","strTimestamp":"2025-06-23T20:00:00","dateEvent":"2025-06-23","dateEventLocal":null,"strTime":"20:00:00","strTimeLocal":null,"strGroup":null,"idHomeTeam":"140623","strHomeTeamBadge":"https:\/\/r2.thesportsdb.com\/images\/media\/team\/badge\/k7pm0p1611773184.png","idAwayTeam":"140617","strAwayTeamBadge":"https:\/\/r2.thesportsdb.com\/images\/media\/team\/badge\/ng42yu1611773160.png","intScore":null,"intScoreVotes":null,"strResult":null,"idVenue":"20521","strVenue":"Estadio Ricardo Gregor","strCountry":"Paraguay","strCity":null,"strPoster":"","strSquare":"","strFanart":null,"strThumb":"","strBanner":"","strMap":null,"strTweet1":null,"strTweet2":null,"strTweet3":null,"strVideo":null,"strStatus":"Not Started","strPostponed":"no","strLocked":"unlocked"},{"idEvent":"2265984","idAPIfootball":"1378915","strEvent":"Sportivo Carapeguá vs Guaraní de Fram","strEventAlternate":"Guaraní de Fram @ Sportivo Carapeguá","strFilename":"Paraguayan División Intermedia 2025-06-23 Sportivo Carapeguá vs Guaraní de Fram","strSport":"Soccer","idLeague":"4900","strLeague":"Paraguayan División Intermedia","strLeagueBadge":"https:\/\/www.thesportsdb.com\/images\/media\/league\/badge\/a9tpbu1611675387.png","strSeason":"2025","strDescriptionEN":null,"strHomeTeam":"Sportivo Carapeguá","strAwayTeam":"Guaraní de Fram","intHomeScore":null,"intRound":"14","intAwayScore":null,"intSpectators":null,"strOfficial":"","strTimestamp":"2025-06-23T22:15:00","dateEvent":"2025-06-23","dateEventLocal":null,"strTime":"22:15:00","strTimeLocal":null,"strGroup":null,"idHomeTeam":"147066","strHomeTeamBadge":"https:\/\/r2.thesportsdb.com\/images\/media\/team\/badge\/tu0gn01674200414.png","idAwayTeam":"150973","strAwayTeamBadge":"https:\/\/r2.thesportsdb.com\/images\/media\/team\/badge\/p7l11t1739505876.png","intScore":null,"intScoreVotes":null,"strResult":null,"idVenue":"28703","strVenue":"Estadio Municipal de Carapegua","strCountry":"Paraguay","strCity":null,"strPoster":"","strSquare":"","strFanart":null,"strThumb":"","strBanner":"","strMap":null,"strTweet1":null,"strTweet2":null,"strTweet3":null,"strVideo":null,"strStatus":"Not Started","strPostponed":"no","strLocked":"unlocked"}]}